CASE_ID,WRKFLW_TSK_MAP_GROUPED,WRKFLW_TSK_MAP_DETAILED,PATH_CRDATETIME
1076747|438001|677047,Assessment Outcome - Successful,Assessment Outcome - Successful,15/1/2019 16:46:30
1076747|438001|677047,Create Offer,Create Offer,15/1/2019 16:46:43
1076747|438001|677047,Release Offer,Release Offer,15/1/2019 17:25:38
783739|454578|698529,Assessment Outcome - Successful,Assessment Outcome - Successful,5/2/2019 14:09:31
783739|454578|698529,Create Offer,Create Offer,5/2/2019 14:09:38
783739|454578|698529,Release Offer,Release Offer,5/2/2019 14:10:53
1138305|515182|790060,Assessment Outcome - Successful,Assessment Outcome - Successful,13/12/2019 16:33:19
1138305|515182|790060,Create Offer,Create Offer,13/12/2019 16:33:31
1138305|515182|790060,OC - Created - Other,OC - Created - Evidence of course completion,13/12/2019 16:35:46
1138305|515182|790060,Release Offer,Release Offer,13/12/2019 16:36:08
1037562|386109|651820,Assessment Outcome - Successful,Assessment Outcome - Successful,15/11/2018 10:46:51
1037562|386109|651820,Assessment Decision - Qualified,Assessment Decision - Qualified,15/11/2018 10:46:51
1037562|386109|651820,Create Offer,Create Offer,15/11/2018 10:47:06
1037562|386109|651820,Release Offer,Release Offer,15/11/2018 10:58:17
1052649|403155|625720,Assessment Outcome - Successful,Assessment Outcome - Successful,1/11/2018 14:24:00
1052649|403155|625720,Create Offer,Create Offer,1/11/2018 14:25:35
1052649|403155|625720,Release Offer,Release Offer,1/11/2018 14:26:01
1114684|484215|743082,Assessment Outcome - Successful,Assessment Outcome - Successful,3/7/2019 9:35:46
1114684|484215|743082,Create Offer,Create Offer,3/7/2019 9:35:55
1114684|484215|743082,Release Offer,Release Offer,3/7/2019 9:38:35
1062725|419008|649432,Assessment Outcome - Successful,Assessment Outcome - Successful,10/1/2019 11:30:19
1062725|419008|649432,Create Offer,Create Offer,10/1/2019 11:30:25
1062725|419008|649432,Release Offer,Release Offer,10/1/2019 11:32:28
1068985|426862|661450,Assessment Outcome - Successful,Assessment Outcome - Successful,24/12/2018 10:39:45
1068985|426862|661450,Create Offer,Create Offer,24/12/2018 10:39:54
1068985|426862|661450,Release Offer,Release Offer,24/12/2018 10:53:38
660857|474347|727887,Assessment Outcome - Successful,Assessment Outcome - Successful,10/5/2019 15:21:45
660857|474347|727887,Create Offer,Create Offer,10/5/2019 15:21:53
660857|474347|727887,Release Offer,Release Offer,21/5/2019 14:58:05
1061850|416881|646276,Assessment Outcome - Successful,Assessment Outcome - Successful,26/3/2019 16:35:22
1061850|416881|646276,Create Offer,Create Offer,26/3/2019 16:35:34
1061850|416881|646276,Release Offer,Release Offer,26/3/2019 16:36:20
354059|390663|608273,Assessment Outcome - Successful,Assessment Outcome - Successful,18/10/2018 11:17:17
354059|390663|608273,Create Offer,Create Offer,18/10/2018 11:17:40
354059|390663|608273,Release Offer,Release Offer,18/10/2018 11:18:37
1132420|507235|778296,Assessment Outcome - Successful,Assessment Outcome - Successful,12/10/2019 11:26:46
1132420|507235|778296,Create Offer,Create Offer,12/10/2019 11:26:58
1132420|507235|778296,Release Offer,Release Offer,12/10/2019 11:28:50
1037818|382051|595063,Assessment Outcome - Successful,Assessment Outcome - Successful,14/9/2018 12:06:20
1037818|382051|595063,Create Offer,Create Offer,14/9/2018 12:06:33
1037818|382051|595063,Release Offer,Release Offer,14/9/2018 12:16:26
1103842|474147|727584,Assessment Outcome - Successful,Assessment Outcome - Successful,28/5/2019 14:00:21
1103842|474147|727584,Create Offer,Create Offer,28/5/2019 14:00:34
1103842|474147|727584,Release Offer,Release Offer,28/5/2019 14:09:08
1110447|479220|735089,Assessment Outcome - Successful,Assessment Outcome - Successful,12/6/2019 13:17:51
1110447|479220|735089,Create Offer,Create Offer,12/6/2019 13:18:08
1110447|479220|735089,Release Offer,Release Offer,12/6/2019 13:20:27
1111306|480248|736601,Assessment Outcome - Successful,Assessment Outcome - Successful,11/5/2019 14:33:16
1111306|480248|736601,Create Offer,Create Offer,11/5/2019 14:33:23
1111306|480248|736601,AR - Satisfied - ELR,AR - Satisfied - English language proficiency,11/5/2019 14:34:58
1111306|480248|736601,Release Offer,Release Offer,11/5/2019 14:35:31
1090139|454580|698531,Assessment Outcome - Successful,Assessment Outcome - Successful,7/2/2019 15:17:07
1090139|454580|698531,Create Offer,Create Offer,7/2/2019 15:17:17
1090139|454580|698531,Release Offer,Release Offer,7/2/2019 15:19:30
161176|451563|693990,Assessment Outcome - Successful,Assessment Outcome - Successful,26/2/2019 8:56:07
161176|451563|693990,Create Offer,Create Offer,26/2/2019 8:56:23
161176|451563|693990,Release Offer,Release Offer,26/2/2019 8:58:27
1034720|382304|595455,Assessment Outcome - Successful,Assessment Outcome - Successful,13/9/2018 16:25:36
1034720|382304|595455,Create Offer,Create Offer,13/9/2018 16:25:48
1034720|382304|595455,OC - Created - Other,OC - Created - English language requirements,13/9/2018 16:26:27
1034720|382304|595455,Release Offer,Release Offer,13/9/2018 16:26:29
1110498|479274|735167,Assessment Outcome - Successful,Assessment Outcome - Successful,16/5/2019 15:36:08
1110498|479274|735167,Create Offer,Create Offer,16/5/2019 15:36:22
1110498|479274|735167,Release Offer,Release Offer,16/5/2019 15:38:32
1021374|372858|581409,Assessment Outcome - Successful,Assessment Outcome - Successful,15/8/2018 11:53:20
1021374|372858|581409,Create Offer,Create Offer,15/8/2018 11:53:33
1021374|372858|581409,Release Offer,Release Offer,15/8/2018 11:56:24
1027704|369135|575961,Assessment Outcome - Successful,Assessment Outcome - Successful,28/8/2018 13:07:08
1027704|369135|575961,Create Offer,Create Offer,28/8/2018 13:07:36
1027704|369135|575961,Release Offer,Release Offer,28/8/2018 13:16:53
1105143|473407|726500,Assessment Outcome - Successful,Assessment Outcome - Successful,11/5/2019 12:34:55
1105143|473407|726500,Create Offer,Create Offer,11/5/2019 12:35:04
1105143|473407|726500,Release Offer,Release Offer,11/5/2019 12:35:30
1045755|392141|610470,Assessment Outcome - Successful,Assessment Outcome - Successful,12/10/2018 14:24:00
1045755|392141|610470,Create Offer,Create Offer,12/10/2018 14:24:13
1045755|392141|610470,Release Offer,Release Offer,12/10/2018 14:27:08
722408|378330|589526,Assessment Outcome - Successful,Assessment Outcome - Successful,10/9/2018 16:50:56
722408|378330|589526,Create Offer,Create Offer,10/9/2018 16:51:56
722408|378330|589526,Release Offer,Release Offer,10/9/2018 16:54:17
960006|404758|627917,Assessment Outcome - Successful,Assessment Outcome - Successful,13/10/2018 14:12:26
960006|404758|627917,Create Offer,Create Offer,13/10/2018 14:12:38
960006|404758|627917,Release Offer,Release Offer,13/10/2018 14:13:38
70289|574074|874352,Assessment Outcome - Successful,Assessment Outcome - Successful,24/1/2020 16:06:21
70289|574074|874352,Create Offer,Create Offer,24/1/2020 16:06:38
70289|574074|874352,Assessment Outcome - Successful,Assessment Outcome - Successful,24/1/2020 16:07:03
70289|574074|874352,Assessment Decision - Qualified,Assessment Decision - Qualified,24/1/2020 16:07:03
70289|574074|874352,Release Offer,Release Offer,24/1/2020 16:08:02
358736|430948|667405,Assessment Outcome - Successful,Assessment Outcome - Successful,4/1/2019 11:46:26
358736|430948|667405,Create Offer,Create Offer,4/1/2019 11:46:33
358736|430948|667405,Release Offer,Release Offer,4/1/2019 11:51:10
1069136|427820|662838,Assessment Outcome - Successful,Assessment Outcome - Successful,7/1/2019 12:40:11
1069136|427820|662838,Create Offer,Create Offer,7/1/2019 12:40:17
1069136|427820|662838,Release Offer,Release Offer,7/1/2019 12:41:22
1069136|427063|661781,Assessment Outcome - Successful,Assessment Outcome - Successful,3/1/2019 16:06:31
1069136|427063|661781,Create Offer,Create Offer,3/1/2019 16:06:43
1069136|427063|661781,Release Offer,Release Offer,3/1/2019 16:14:02
1168534|560047|856798,Assessment Outcome - Successful,Assessment Outcome - Successful,10/1/2020 10:38:46
1168534|560047|856798,Create Offer,Create Offer,10/1/2020 10:39:03
1168534|560047|856798,Release Offer,Release Offer,10/1/2020 10:39:51
1022190|362029|564420,Assessment Outcome - Successful,Assessment Outcome - Successful,18/7/2018 10:26:12
1022190|362029|564420,Create Offer,Create Offer,18/7/2018 10:26:20
1022190|362029|564420,Release Offer,Release Offer,18/7/2018 10:30:26
1020768|360055|561313,Assessment Outcome - Successful,Assessment Outcome - Successful,1/8/2018 10:43:19
1020768|360055|561313,Create Offer,Create Offer,1/8/2018 10:43:35
1020768|360055|561313,Release Offer,Release Offer,1/8/2018 10:54:09
1111707|486687|747236,Assessment Outcome - Successful,Assessment Outcome - Successful,1/7/2019 14:16:13
1111707|486687|747236,Create Offer,Create Offer,1/7/2019 14:16:22
1111707|486687|747236,Release Offer,Release Offer,1/7/2019 14:18:28
1153045|537241|822220,Assessment Outcome - Successful,Assessment Outcome - Successful,11/12/2019 10:34:44
1153045|537241|822220,Create Offer,Create Offer,11/12/2019 10:35:00
1153045|537241|822220,Release Offer,Release Offer,11/12/2019 10:37:20
598587|551464|843738,Assessment Outcome - Successful,Assessment Outcome - Successful,17/12/2019 13:05:13
598587|551464|843738,Create Offer,Create Offer,17/12/2019 13:05:30
598587|551464|843738,Release Offer,Release Offer,17/12/2019 13:06:30
1164683|554758|848506,Assessment Outcome - Successful,Assessment Outcome - Successful,7/1/2020 14:52:20
1164683|554758|848506,Create Offer,Create Offer,7/1/2020 14:52:37
1164683|554758|848506,Release Offer,Release Offer,7/1/2020 14:54:02
1064645|452175|694913,Assessment Outcome - Successful,Assessment Outcome - Successful,15/5/2019 16:31:47
1064645|452175|694913,Create Offer,Create Offer,15/5/2019 16:32:02
1064645|452175|694913,OC - Created - Other,OC - Created - Evidence of course completion,15/5/2019 16:32:53
1064645|452175|694913,Release Offer,Release Offer,15/5/2019 16:35:30
1100720|468316|719285,Assessment Outcome - Successful,Assessment Outcome - Successful,11/5/2019 14:34:08
1100720|468316|719285,Create Offer,Create Offer,11/5/2019 14:34:17
1100720|468316|719285,Release Offer,Release Offer,11/5/2019 14:47:23
1152919|538301|823869,Assessment Outcome - Successful,Assessment Outcome - Successful,2/11/2019 16:21:58
1152919|538301|823869,Create Offer,Create Offer,2/11/2019 16:22:06
1152919|538301|823869,OC - Created - Other,OC - Created - English language requirements,2/11/2019 16:22:36
1152919|538301|823869,Release Offer,Release Offer,2/11/2019 16:22:47
1052275|402830|625246,Assessment Outcome - Successful,Assessment Outcome - Successful,8/12/2018 15:07:55
1052275|402830|625246,Create Offer,Create Offer,8/12/2018 15:08:10
1052275|402830|625246,Release Offer,Release Offer,8/12/2018 15:13:43
1047787|394823|614448,Assessment Outcome - Successful,Assessment Outcome - Successful,7/12/2018 12:57:35
1047787|394823|614448,Create Offer,Create Offer,7/12/2018 12:57:46
1047787|394823|614448,OC - Created - Other,OC - Created - Evidence of course completion,7/12/2018 12:58:29
1047787|394823|614448,Release Offer,Release Offer,7/12/2018 13:00:14
23412|429724|665689,Assessment Outcome - Successful,Assessment Outcome - Successful,7/1/2019 12:29:31
23412|429724|665689,Create Offer,Create Offer,7/1/2019 12:29:39
23412|429724|665689,Release Offer,Release Offer,7/1/2019 12:31:19
1096529|464647|713765,Assessment Outcome - Successful,Assessment Outcome - Successful,14/5/2019 16:20:43
1096529|464647|713765,Create Offer,Create Offer,14/5/2019 16:20:58
1096529|464647|713765,Release Offer,Release Offer,14/5/2019 16:21:20
1050700|413432|640900,Assessment Outcome - Successful,Assessment Outcome - Successful,4/2/2019 11:19:38
1050700|413432|640900,Create Offer,Create Offer,4/2/2019 11:19:47
1050700|413432|640900,Release Offer,Release Offer,4/2/2019 11:23:58
1055577|407739|632403,Assessment Outcome - Successful,Assessment Outcome - Successful,14/11/2018 16:51:56
1055577|407739|632403,Create Offer,Create Offer,14/11/2018 16:52:07
1055577|407739|632403,Release Offer,Release Offer,14/11/2018 16:54:30
1087645|451576|799884,Assessment Outcome - Successful,Assessment Outcome - Successful,20/9/2019 11:49:26
1087645|451576|799884,Create Offer,Create Offer,20/9/2019 11:49:41
1087645|451576|799884,Release Offer,Release Offer,20/9/2019 11:50:45
1179677|573921|874117,Assessment Outcome - Successful,Assessment Outcome - Successful,24/1/2020 16:09:25
1179677|573921|874117,Create Offer,Create Offer,24/1/2020 16:09:41
1179677|573921|874117,Assessment Decision - Qualified,Assessment Decision - Qualified,24/1/2020 16:10:03
1179677|573921|874117,Assessment Outcome - Successful,Assessment Outcome - Successful,24/1/2020 16:10:03
1179677|573921|874117,Release Offer,Release Offer,24/1/2020 16:11:56
768023|340351|531837,Assessment Outcome - Successful,Assessment Outcome - Successful,9/4/2018 15:57:54
768023|340351|531837,Create Offer,Create Offer,9/4/2018 15:58:07
768023|340351|531837,OC - Created - Other,OC - Created - Evidence of course completion,9/4/2018 15:58:47
768023|340351|531837,Put Assessment On-Hold,Put Assessment On-Hold,9/4/2018 16:08:41
768023|340351|531837,Assessment Decision - Qualified,Assessment Decision - Qualified,13/4/2018 10:22:59
768023|340351|531837,Release Assessment Hold,Release Assessment Hold,13/4/2018 10:23:20
768023|340351|531837,Release Offer,Release Offer,13/4/2018 10:25:41
1047400|394393|820632,Assessment Outcome - Successful,Assessment Outcome - Successful,18/10/2019 9:38:05
1047400|394393|820632,Create Offer,Create Offer,18/10/2019 9:38:30
1047400|394393|820632,Release Offer,Release Offer,18/10/2019 9:41:36
920944|470892|722942,Assessment Outcome - Successful,Assessment Outcome - Successful,14/5/2019 16:02:07
920944|470892|722942,Create Offer,Create Offer,14/5/2019 16:02:17
920944|470892|722942,Release Offer,Release Offer,14/5/2019 16:07:29
1037307|381476|594195,Assessment Outcome - Successful,Assessment Outcome - Successful,17/10/2018 13:51:51
1037307|381476|594195,Create Offer,Create Offer,17/10/2018 13:52:12
1037307|381476|594195,Release Offer,Release Offer,17/10/2018 14:05:24
1151455|534894|818655,Assessment Outcome - Successful,Assessment Outcome - Successful,5/11/2019 15:34:18
1151455|534894|818655,Create Offer,Create Offer,5/11/2019 15:34:29
1151455|534894|818655,Release Offer,Release Offer,5/11/2019 15:39:48
1065458|422005|653577,Assessment Outcome - Successful,Assessment Outcome - Successful,3/1/2019 15:36:38
1065458|422005|653577,Create Offer,Create Offer,3/1/2019 15:36:45
1065458|422005|653577,Release Offer,Release Offer,3/1/2019 15:41:20
1026713|376034|586126,Assessment Outcome - Successful,Assessment Outcome - Successful,13/10/2018 10:37:53
1026713|376034|586126,Create Offer,Create Offer,13/10/2018 10:38:10
1026713|376034|586126,Release Offer,Release Offer,13/10/2018 10:45:11
1114833|484364|743307,Assessment Outcome - Successful,Assessment Outcome - Successful,23/5/2019 9:19:27
1114833|484364|743307,Create Offer,Create Offer,23/5/2019 9:19:38
1114833|484364|743307,Release Offer,Release Offer,23/5/2019 9:22:23
1048983|396358|616793,Assessment Outcome - Successful,Assessment Outcome - Successful,8/12/2018 14:23:20
1048983|396358|616793,Create Offer,Create Offer,8/12/2018 14:23:28
1048983|396358|616793,OC - Created - Other,OC - Created - Evidence of course completion,8/12/2018 14:28:31
1048983|396358|616793,Release Offer,Release Offer,8/12/2018 14:29:38
1077196|438473|677872,Assessment Outcome - Successful,Assessment Outcome - Successful,22/1/2019 15:51:33
1077196|438473|677872,Create Offer,Create Offer,22/1/2019 15:51:47
1077196|438473|677872,Release Offer,Release Offer,22/1/2019 15:53:09
1041367|386546|601958,Assessment Outcome - Successful,Assessment Outcome - Successful,27/9/2018 12:35:12
1041367|386546|601958,Create Offer,Create Offer,27/9/2018 12:35:26
1041367|386546|601958,Release Offer,Release Offer,27/9/2018 12:36:16
1064696|420618|651836,Assessment Outcome - Successful,Assessment Outcome - Successful,8/12/2018 14:05:44
1064696|420618|651836,Create Offer,Create Offer,8/12/2018 14:05:56
1064696|420618|651836,Release Offer,Release Offer,8/12/2018 14:08:33
1036271|380202|592284,Assessment Outcome - Successful,Assessment Outcome - Successful,5/10/2018 10:54:19
1036271|380202|592284,Create Offer,Create Offer,5/10/2018 10:54:40
1036271|380202|592284,Release Offer,Release Offer,5/10/2018 11:04:22
1052997|403664|626470,Assessment Outcome - Successful,Assessment Outcome - Successful,2/11/2018 11:27:27
1052997|403664|626470,Create Offer,Create Offer,2/11/2018 11:27:40
1052997|403664|626470,Release Offer,Release Offer,2/11/2018 11:42:16
1038929|441085|681891,Assessment Outcome - Successful,Assessment Outcome - Successful,16/4/2019 17:36:40
1038929|441085|681891,Create Offer,Create Offer,16/4/2019 17:36:55
1038929|441085|681891,Release Offer,Release Offer,16/4/2019 17:42:38
1055577|472815|725661,Assessment Outcome - Successful,Assessment Outcome - Successful,16/5/2019 14:32:48
1055577|472815|725661,Create Offer,Create Offer,16/5/2019 14:33:00
1055577|472815|725661,OC - Created - Other,OC - Created - Evidence of course completion,16/5/2019 14:35:12
1055577|472815|725661,Release Offer,Release Offer,16/5/2019 14:35:28
684599|487447|748448,Assessment Outcome - Successful,Assessment Outcome - Successful,13/6/2019 12:50:01
684599|487447|748448,Create Offer,Create Offer,13/6/2019 12:50:10
684599|487447|748448,Release Offer,Release Offer,13/6/2019 12:50:25
1034538|378000|589091,Assessment Outcome - Successful,Assessment Outcome - Successful,16/8/2018 8:57:42
1034538|378000|589091,Create Offer,Create Offer,16/8/2018 8:58:10
1034538|378000|589091,Release Offer,Release Offer,16/8/2018 9:00:08
1066003|422765|654738,Assessment Outcome - Successful,Assessment Outcome - Successful,3/1/2019 13:09:33
1066003|422765|654738,Create Offer,Create Offer,3/1/2019 13:09:40
1066003|422765|654738,Release Offer,Release Offer,3/1/2019 13:11:19
1097690|464562|713616,Assessment Outcome - Successful,Assessment Outcome - Successful,11/5/2019 10:05:05
1097690|464562|713616,Create Offer,Create Offer,11/5/2019 10:05:17
1097690|464562|713616,Release Offer,Release Offer,13/5/2019 13:02:25
297088|452292|695077,Assessment Outcome - Successful,Assessment Outcome - Successful,10/5/2019 16:08:53
297088|452292|695077,Create Offer,Create Offer,10/5/2019 16:09:00
297088|452292|695077,Release Offer,Release Offer,10/5/2019 16:10:54
1129836|503867|773292,Assessment Outcome - Successful,Assessment Outcome - Successful,19/9/2019 13:35:53
1129836|503867|773292,Create Offer,Create Offer,19/9/2019 13:36:07
1129836|503867|773292,Release Offer,Release Offer,19/9/2019 13:38:37
1001877|336757|526956,Assessment Outcome - Successful,Assessment Outcome - Successful,16/4/2018 15:58:53
1001877|336757|526956,Create Offer,Create Offer,16/4/2018 15:59:00
1001877|336757|526956,Release Offer,Release Offer,16/4/2018 16:00:35
1039192|383793|597709,Assessment Outcome - Successful,Assessment Outcome - Successful,27/9/2018 14:04:20
1039192|383793|597709,Create Offer,Create Offer,27/9/2018 14:04:36
1039192|383793|597709,Release Offer,Release Offer,27/9/2018 14:05:56
1129906|503957|773436,Assessment Outcome - Successful,Assessment Outcome - Successful,15/10/2019 14:30:44
1129906|503957|773436,Create Offer,Create Offer,15/10/2019 14:31:03
1129906|503957|773436,Release Offer,Release Offer,15/10/2019 14:33:58
251229|456754|701419,Assessment Outcome - Successful,Assessment Outcome - Successful,25/2/2019 15:07:10
251229|456754|701419,Create Offer,Create Offer,25/2/2019 15:07:21
251229|456754|701419,Release Offer,Release Offer,25/2/2019 15:09:06
1062725|427270|662103,Assessment Outcome - Successful,Assessment Outcome - Successful,4/1/2019 16:04:38
1062725|427270|662103,Create Offer,Create Offer,4/1/2019 16:04:52
1062725|427270|662103,Release Offer,Release Offer,4/1/2019 16:06:14
1066032|422994|655110,Assessment Outcome - Successful,Assessment Outcome - Successful,4/1/2019 15:51:29
1066032|422994|655110,Create Offer,Create Offer,4/1/2019 15:51:41
1066032|422994|655110,Release Offer,Release Offer,4/1/2019 15:51:59
1022348|362011|564389,Assessment Outcome - Successful,Assessment Outcome - Successful,14/6/2018 15:58:13
1022348|362011|564389,Create Offer,Create Offer,14/6/2018 15:58:29
1022348|362011|564389,Release Offer,Release Offer,14/6/2018 16:07:01
1058761|412208|639044,Assessment Outcome - Successful,Assessment Outcome - Successful,19/12/2018 10:01:55
1058761|412208|639044,Create Offer,Create Offer,19/12/2018 10:02:06
1058761|412208|639044,Release Offer,Release Offer,19/12/2018 10:02:57
857028|429692|665643,Assessment Outcome - Successful,Assessment Outcome - Successful,21/1/2019 14:48:39
857028|429692|665643,Create Offer,Create Offer,21/1/2019 14:50:15
857028|429692|665643,Release Offer,Release Offer,21/1/2019 14:54:39
1058913|480018|736259,Assessment Outcome - Successful,Assessment Outcome - Successful,28/5/2019 10:02:49
1058913|480018|736259,Create Offer,Create Offer,28/5/2019 10:03:05
1058913|480018|736259,Release Offer,Release Offer,28/5/2019 10:07:07
1007394|346044|540306,Assessment Outcome - Successful,Assessment Outcome - Successful,20/4/2018 10:43:14
1007394|346044|540306,Create Offer,Create Offer,20/4/2018 10:43:26
1007394|346044|540306,Release Offer,Release Offer,20/4/2018 10:43:55
1128028|512080|785569,Assessment Outcome - Successful,Assessment Outcome - Successful,15/10/2019 11:16:37
1128028|512080|785569,Create Offer,Create Offer,15/10/2019 11:16:59
1128028|512080|785569,OC - Created - Other,OC - Created - Evidence of course completion,15/10/2019 11:20:59
1128028|512080|785569,Release Offer,Release Offer,15/10/2019 11:21:23
1068969|426854|661435,Assessment Outcome - Successful,Assessment Outcome - Successful,17/4/2019 10:35:50
1068969|426854|661435,Create Offer,Create Offer,17/4/2019 10:36:05
1068969|426854|661435,Release Offer,Release Offer,17/4/2019 10:40:09
1113797|486233|746517,Assessment Outcome - Successful,Assessment Outcome - Successful,3/7/2019 15:57:33
1113797|486233|746517,Create Offer,Create Offer,3/7/2019 15:57:41
1113797|486233|746517,Release Offer,Release Offer,4/7/2019 11:03:36
1067449|424909|657898,Assessment Outcome - Successful,Assessment Outcome - Successful,18/12/2018 11:34:06
1067449|424909|657898,Create Offer,Create Offer,18/12/2018 11:34:51
1067449|424909|657898,Release Offer,Release Offer,18/12/2018 11:36:07
888249|495555|760991,Assessment Outcome - Successful,Assessment Outcome - Successful,20/9/2019 9:50:59
888249|495555|760991,Create Offer,Create Offer,20/9/2019 9:51:11
888249|495555|760991,Release Offer,Release Offer,20/9/2019 9:53:38
1001829|336678|526826,Assessment Outcome - Successful,Assessment Outcome - Successful,15/3/2018 14:01:42
1001829|336678|526826,Create Offer,Create Offer,15/3/2018 14:01:59
1001829|336678|526826,Release Offer,Release Offer,15/3/2018 14:03:10
1040164|385001|599630,Assessment Outcome - Successful,Assessment Outcome - Successful,9/10/2018 11:56:01
1040164|385001|599630,Create Offer,Create Offer,9/10/2018 11:56:15
1040164|385001|599630,Release Offer,Release Offer,9/10/2018 12:06:37
935479|535381|819449,Assessment Outcome - Successful,Assessment Outcome - Successful,2/11/2019 14:40:52
935479|535381|819449,Create Offer,Create Offer,2/11/2019 14:40:59
935479|535381|819449,Release Offer,Release Offer,2/11/2019 14:41:06
757454|486380|746741,Assessment Outcome - Successful,Assessment Outcome - Successful,28/5/2019 16:29:55
757454|486380|746741,Create Offer,Create Offer,28/5/2019 16:30:03
757454|486380|746741,Release Offer,Release Offer,28/5/2019 16:31:58
982703|311743|766648,Assessment Outcome - Successful,Assessment Outcome - Successful,15/7/2019 16:09:59
982703|311743|766648,Create Offer,Create Offer,15/7/2019 16:10:06
982703|311743|766648,Release Offer,Release Offer,15/7/2019 16:13:49
1009714|346606|541152,Assessment Outcome - Successful,Assessment Outcome - Successful,15/3/2018 17:40:06
1009714|346606|541152,Create Offer,Create Offer,15/3/2018 17:40:16
1009714|346606|541152,Release Offer,Release Offer,15/3/2018 17:41:21
1016250|354448|552701,Assessment Outcome - Successful,Assessment Outcome - Successful,7/6/2018 15:42:56
1016250|354448|552701,Create Offer,Create Offer,7/6/2018 15:43:13
1016250|354448|552701,Release Offer,Release Offer,7/6/2018 15:45:34
1165286|555834|850078,Assessment Outcome - Successful,Assessment Outcome - Successful,19/12/2019 10:55:37
1165286|555834|850078,Create Offer,Create Offer,19/12/2019 10:55:52
1165286|555834|850078,Release Offer,Release Offer,19/12/2019 10:58:21
1094186|460098|706686,Assessment Outcome - Successful,Assessment Outcome - Successful,11/5/2019 11:19:38
1094186|460098|706686,Create Offer,Create Offer,11/5/2019 11:19:46
1094186|460098|706686,Release Offer,Release Offer,11/5/2019 11:20:33
846123|104356|320614,Assessment Outcome - Successful,Assessment Outcome - Successful,4/1/2017 13:19:40
846123|104356|320614,Create Offer,Create Offer,4/1/2017 13:19:48
846123|104356|320614,Release Offer,Release Offer,4/1/2017 13:20:30
1033537|376798|587229,Assessment Outcome - Successful,Assessment Outcome - Successful,30/7/2018 11:26:32
1033537|376798|587229,Create Offer,Create Offer,30/7/2018 11:26:51
1033537|376798|587229,Release Offer,Release Offer,30/7/2018 11:29:27
1147024|527784|808331,Assessment Outcome - Successful,Assessment Outcome - Successful,1/11/2019 15:44:12
1147024|527784|808331,Create Offer,Create Offer,1/11/2019 15:44:22
1147024|527784|808331,OC - Created - Other,OC - Created - Evidence of course completion,1/11/2019 15:44:38
1147024|527784|808331,Release Offer,Release Offer,1/11/2019 15:44:57
1021374|367597|573577,Assessment Outcome - Successful,Assessment Outcome - Successful,12/7/2018 10:07:14
1021374|367597|573577,Create Offer,Create Offer,12/7/2018 10:07:30
1021374|367597|573577,Release Offer,Release Offer,12/7/2018 10:10:52
1033710|376995|587501,Assessment Outcome - Successful,Assessment Outcome - Successful,1/8/2018 10:15:48
1033710|376995|587501,Create Offer,Create Offer,1/8/2018 10:15:57
1033710|376995|587501,Release Offer,Release Offer,1/8/2018 10:17:19
984370|456211|700623,Assessment Outcome - Successful,Assessment Outcome - Successful,15/3/2019 10:17:50
984370|456211|700623,Create Offer,Create Offer,15/3/2019 10:18:04
984370|456211|700623,Release Offer,Release Offer,15/3/2019 10:18:57
1064461|420298|651352,Assessment Outcome - Successful,Assessment Outcome - Successful,3/1/2019 12:27:39
1064461|420298|651352,Create Offer,Create Offer,3/1/2019 12:27:46
1064461|420298|651352,Release Offer,Release Offer,3/1/2019 12:29:25
1155275|540624|827296,Assessment Outcome - Successful,Assessment Outcome - Successful,2/12/2019 16:26:16
1155275|540624|827296,Create Offer,Create Offer,2/12/2019 16:26:32
1155275|540624|827296,Release Offer,Release Offer,4/12/2019 10:29:40
1134649|510128|782697,Assessment Outcome - Successful,Assessment Outcome - Successful,15/10/2019 14:36:48
1134649|510128|782697,Create Offer,Create Offer,15/10/2019 14:37:04
1134649|510128|782697,OC - Created - further information,OC - Created - Further information (1),15/10/2019 14:47:12
1134649|510128|782697,Release Offer,Release Offer,15/10/2019 16:29:50
660857|478710|734366,Assessment Outcome - Successful,Assessment Outcome - Successful,17/5/2019 11:50:43
660857|478710|734366,Create Offer,Create Offer,17/5/2019 11:50:56
660857|478710|734366,Assessment Outcome - Higher Preference Successful,Assessment Outcome - Higher Preference Successful,17/5/2019 11:52:22
660857|478710|734366,Unsuccessful,Unsuccessful,17/5/2019 11:52:30
1061466|437555|676362,Assessment Outcome - Successful,Assessment Outcome - Successful,10/1/2019 14:11:45
1061466|437555|676362,Create Offer,Create Offer,10/1/2019 14:11:51
1061466|437555|676362,Release Offer,Release Offer,10/1/2019 14:12:26
1045654|392016|610294,Assessment Outcome - Successful,Assessment Outcome - Successful,20/11/2018 16:24:45
1045654|392016|610294,Create Offer,Create Offer,20/11/2018 16:24:59
1045654|392016|610294,Release Offer,Release Offer,20/11/2018 16:28:46
1105117|473362|726430,Assessment Outcome - Successful,Assessment Outcome - Successful,28/5/2019 13:35:12
1105117|473362|726430,Create Offer,Create Offer,28/5/2019 13:35:21
1105117|473362|726430,Release Offer,Release Offer,28/5/2019 13:37:13
1035185|383696|597570,Assessment Outcome - Successful,Assessment Outcome - Successful,12/10/2018 12:06:28
1035185|383696|597570,Create Offer,Create Offer,12/10/2018 12:06:41
1035185|383696|597570,Release Offer,Release Offer,12/10/2018 12:07:07
960824|535900|820254,Assessment Outcome - Successful,Assessment Outcome - Successful,5/11/2019 15:18:40
960824|535900|820254,Create Offer,Create Offer,5/11/2019 15:18:59
960824|535900|820254,Release Offer,Release Offer,5/11/2019 15:23:13
1013506|351321|548117,Assessment Outcome - Successful,Assessment Outcome - Successful,18/7/2018 9:20:20
1013506|351321|548117,Create Offer,Create Offer,18/7/2018 9:20:30
1013506|351321|548117,Release Offer,Release Offer,18/7/2018 9:23:58
1034455|377916|588962,Assessment Outcome - Successful,Assessment Outcome - Successful,6/9/2018 10:41:00
1034455|377916|588962,Create Offer,Create Offer,6/9/2018 10:41:12
1034455|377916|588962,Release Offer,Release Offer,6/9/2018 10:41:44
1032525|388168|604452,Assessment Outcome - Successful,Assessment Outcome - Successful,1/11/2018 11:10:07
1032525|388168|604452,Create Offer,Create Offer,1/11/2018 11:10:20
1032525|388168|604452,Release Offer,Release Offer,1/11/2018 11:12:11
724576|379419|591120,Assessment Outcome - Successful,Assessment Outcome - Successful,6/9/2018 15:34:10
724576|379419|591120,Create Offer,Create Offer,6/9/2018 15:34:21
724576|379419|591120,Release Offer,Release Offer,6/9/2018 15:36:14
1111137|480052|736308,Assessment Outcome - Successful,Assessment Outcome - Successful,28/5/2019 13:21:06
1111137|480052|736308,Create Offer,Create Offer,28/5/2019 13:21:15
1111137|480052|736308,Release Offer,Release Offer,28/5/2019 13:25:48
1169670|561512|858729,Assessment Outcome - Successful,Assessment Outcome - Successful,30/1/2020 16:18:55
1169670|561512|858729,Create Offer,Create Offer,30/1/2020 16:19:12
1169670|561512|858729,Release Offer,Release Offer,30/1/2020 16:21:34
1029502|371827|579839,Assessment Outcome - Successful,Assessment Outcome - Successful,8/8/2018 13:00:30
1029502|371827|579839,Create Offer,Create Offer,8/8/2018 13:00:43
1029502|371827|579839,Release Offer,Release Offer,8/8/2018 13:02:57
1069286|427326|662193,Assessment Outcome - Successful,Assessment Outcome - Successful,7/1/2019 15:36:53
1069286|427326|662193,Create Offer,Create Offer,7/1/2019 15:37:05
1069286|427326|662193,OC - Created - Other,OC - Created - Evidence of course completion,7/1/2019 16:03:55
1069286|427326|662193,Release Offer,Release Offer,7/1/2019 16:09:34
1173669|562658|860248,Assessment Outcome - Successful,Assessment Outcome - Successful,13/1/2020 11:22:51
1173669|562658|860248,Create Offer,Create Offer,13/1/2020 11:23:06
1173669|562658|860248,Release Offer,Release Offer,13/1/2020 11:24:40
382657|562314|859879,Assessment Outcome - Successful,Assessment Outcome - Successful,21/1/2020 10:55:52
382657|562314|859879,Create Offer,Create Offer,21/1/2020 10:56:13
382657|562314|859879,Release Offer,Release Offer,21/1/2020 10:58:17
920944|436181|674549,Assessment Outcome - Successful,Assessment Outcome - Successful,8/1/2019 10:06:50
920944|436181|674549,Create Offer,Create Offer,8/1/2019 10:06:58
920944|436181|674549,Release Offer,Release Offer,8/1/2019 10:07:12
1175308|568365|866548,Assessment Outcome - Successful,Assessment Outcome - Successful,13/1/2020 11:33:18
1175308|568365|866548,Create Offer,Create Offer,13/1/2020 11:33:34
1175308|568365|866548,Release Offer,Release Offer,13/1/2020 11:36:15
1047760|394740|698184,Assessment Outcome - Successful,Assessment Outcome - Successful,31/1/2019 10:30:55
1047760|394740|698184,Create Offer,Create Offer,31/1/2019 10:31:04
1047760|394740|698184,OC - Created - Other,OC - Created - Evidence of course completion,31/1/2019 10:32:00
1047760|394740|698184,Release Offer,Release Offer,31/1/2019 10:32:54
669915|463836|712494,Assessment Outcome - Successful,Assessment Outcome - Successful,10/4/2019 17:11:00
669915|463836|712494,Create Offer,Create Offer,10/4/2019 17:11:14
669915|463836|712494,Release Offer,Release Offer,10/4/2019 17:13:01
1100739|468344|719324,Assessment Outcome - Successful,Assessment Outcome - Successful,21/5/2019 9:54:57
1100739|468344|719324,Create Offer,Create Offer,21/5/2019 9:55:14
1100739|468344|719324,Release Offer,Release Offer,21/5/2019 10:00:04
1036655|390141|607482,Assessment Outcome - Successful,Assessment Outcome - Successful,23/10/2018 11:57:26
1036655|390141|607482,Create Offer,Create Offer,23/10/2018 11:57:42
1036655|390141|607482,Release Offer,Release Offer,23/10/2018 11:58:04
1124629|496515|762552,Assessment Outcome - Successful,Assessment Outcome - Successful,11/9/2019 13:41:02
1124629|496515|762552,Create Offer,Create Offer,11/9/2019 13:41:16
1124629|496515|762552,Release Offer,Release Offer,11/9/2019 13:42:52
1067527|425016|658044,Assessment Outcome - Successful,Assessment Outcome - Successful,5/2/2019 14:24:51
1067527|425016|658044,Create Offer,Create Offer,5/2/2019 14:24:58
1067527|425016|658044,OC - Created - Other,OC - Created - Evidence of course completion,5/2/2019 14:34:52
1067527|425016|658044,Release Offer,Release Offer,5/2/2019 14:35:19
1000727|431447|668147,Assessment Outcome - Successful,Assessment Outcome - Successful,7/1/2019 15:05:02
1000727|431447|668147,Create Offer,Create Offer,7/1/2019 15:05:16
1000727|431447|668147,OC - Created - Other,OC - Created - Evidence of course completion,7/1/2019 15:07:34
1000727|431447|668147,Release Offer,Release Offer,7/1/2019 15:10:12
1063956|419530|650202,Assessment Outcome - Successful,Assessment Outcome - Successful,14/12/2018 16:42:26
1063956|419530|650202,Create Offer,Create Offer,14/12/2018 16:42:40
1063956|419530|650202,Release Offer,Release Offer,14/12/2018 16:42:56
1158782|546106|836113,Assessment Outcome - Successful,Assessment Outcome - Successful,3/12/2019 10:25:42
1158782|546106|836113,Create Offer,Create Offer,3/12/2019 10:25:58
1158782|546106|836113,Release Offer,Release Offer,3/12/2019 10:32:35
84841|418611|648829,Assessment Outcome - Successful,Assessment Outcome - Successful,14/12/2018 16:49:24
84841|418611|648829,Create Offer,Create Offer,14/12/2018 16:49:46
84841|418611|648829,Release Offer,Release Offer,14/12/2018 16:50:12
1065110|423912|656407,Assessment Outcome - Successful,Assessment Outcome - Successful,11/12/2018 14:49:17
1065110|423912|656407,Create Offer,Create Offer,11/12/2018 14:50:16
1065110|423912|656407,Release Offer,Release Offer,11/12/2018 14:55:14
1098501|465601|715261,Assessment Outcome - Successful,Assessment Outcome - Successful,11/5/2019 10:44:50
1098501|465601|715261,Create Offer,Create Offer,11/5/2019 10:45:03
1098501|465601|715261,Release Offer,Release Offer,11/5/2019 10:47:30
1091479|456543|701091,Assessment Outcome - Successful,Assessment Outcome - Successful,11/5/2019 13:32:51
1091479|456543|701091,Create Offer,Create Offer,11/5/2019 13:33:00
1091479|456543|701091,Release Offer,Release Offer,11/5/2019 13:36:01
758639|264769|421918,Assessment Outcome - Successful,Assessment Outcome - Successful,13/11/2017 15:35:31
758639|264769|421918,Create Offer,Create Offer,13/11/2017 15:35:44
758639|264769|421918,Release Offer,Release Offer,13/11/2017 15:37:39
961605|375543|585341,Assessment Outcome - Successful,Assessment Outcome - Successful,10/8/2018 16:11:45
961605|375543|585341,Create Offer,Create Offer,10/8/2018 16:11:57
961605|375543|585341,Release Offer,Release Offer,10/8/2018 16:16:25
1053575|405068|628340,Assessment Outcome - Successful,Assessment Outcome - Successful,2/1/2019 15:45:58
1053575|405068|628340,Create Offer,Create Offer,2/1/2019 15:46:11
1053575|405068|628340,Release Offer,Release Offer,2/1/2019 15:51:15
1041567|391082|608864,Assessment Outcome - Successful,Assessment Outcome - Successful,9/10/2018 13:25:06
1041567|391082|608864,Create Offer,Create Offer,9/10/2018 13:25:20
1041567|391082|608864,Release Offer,Release Offer,9/10/2018 13:31:38
1078032|441013|681790,Assessment Outcome - Successful,Assessment Outcome - Successful,5/2/2019 13:48:01
1078032|441013|681790,Create Offer,Create Offer,5/2/2019 13:48:10
1078032|441013|681790,Release Offer,Release Offer,5/2/2019 13:50:24
1110691|479481|735467,Assessment Outcome - Successful,Assessment Outcome - Successful,14/5/2019 16:58:46
1110691|479481|735467,Create Offer,Create Offer,14/5/2019 16:58:59
1110691|479481|735467,Release Offer,Release Offer,14/5/2019 17:01:00
873791|484952|744345,Assessment Outcome - Successful,Assessment Outcome - Successful,23/5/2019 12:27:45
873791|484952|744345,Create Offer,Create Offer,23/5/2019 12:27:51
873791|484952|744345,Release Offer,Release Offer,23/5/2019 12:31:19
1156691|542991|830966,Assessment Outcome - Successful,Assessment Outcome - Successful,21/11/2019 12:50:26
1156691|542991|830966,Create Offer,Create Offer,21/11/2019 12:50:46
1156691|542991|830966,Release Offer,Release Offer,21/11/2019 12:52:19
1060549|417674|647399,Assessment Outcome - Successful,Assessment Outcome - Successful,8/12/2018 12:44:10
1060549|417674|647399,Create Offer,Create Offer,8/12/2018 12:44:22
1060549|417674|647399,Release Offer,Release Offer,8/12/2018 12:46:40
389899|547897|838666,Assessment Outcome - Successful,Assessment Outcome - Successful,18/12/2019 9:19:30
389899|547897|838666,Create Offer,Create Offer,18/12/2019 9:19:41
389899|547897|838666,Release Offer,Release Offer,18/12/2019 9:27:32
680712|407968|632745,Assessment Outcome - Successful,Assessment Outcome - Successful,14/11/2018 16:56:51
680712|407968|632745,Create Offer,Create Offer,14/11/2018 16:57:01
680712|407968|632745,Release Offer,Release Offer,14/11/2018 16:58:11
1108597|477482|732532,Assessment Outcome - Successful,Assessment Outcome - Successful,23/5/2019 10:47:03
1108597|477482|732532,Create Offer,Create Offer,23/5/2019 10:48:17
1108597|477482|732532,Assessment Outcome - Successful,Assessment Outcome - Successful,23/5/2019 10:48:24
1108597|477482|732532,Release Offer,Release Offer,23/5/2019 10:52:08
1072159|431460|668181,Assessment Outcome - Successful,Assessment Outcome - Successful,20/3/2019 14:13:30
1072159|431460|668181,Create Offer,Create Offer,20/3/2019 14:13:58
1072159|431460|668181,Release Offer,Release Offer,20/3/2019 14:16:07
374924|439273|679201,Assessment Outcome - Successful,Assessment Outcome - Successful,24/5/2019 14:51:05
374924|439273|679201,Create Offer,Create Offer,24/5/2019 14:51:14
374924|439273|679201,Release Offer,Release Offer,24/5/2019 14:52:27
1028321|369941|577244,Assessment Outcome - Successful,Assessment Outcome - Successful,28/6/2018 16:32:51
1028321|369941|577244,Create Offer,Create Offer,28/6/2018 16:33:02
1028321|369941|577244,Release Offer,Release Offer,28/6/2018 16:35:39
1089995|480573|737193,Assessment Outcome - Successful,Assessment Outcome - Successful,11/5/2019 16:44:51
1089995|480573|737193,Create Offer,Create Offer,11/5/2019 16:44:59
1089995|480573|737193,Release Offer,Release Offer,11/5/2019 16:46:43
1055583|407992|632784,Assessment Outcome - Successful,Assessment Outcome - Successful,25/3/2019 11:54:25
1055583|407992|632784,Create Offer,Create Offer,25/3/2019 11:54:40
1055583|407992|632784,Release Offer,Release Offer,25/3/2019 11:59:10
936837|426251|660503,Assessment Outcome - Successful,Assessment Outcome - Successful,4/1/2019 13:51:13
936837|426251|660503,Create Offer,Create Offer,4/1/2019 13:51:20
936837|426251|660503,Release Offer,Release Offer,4/1/2019 13:53:25
1069538|432183|669267,Assessment Outcome - Successful,Assessment Outcome - Successful,27/2/2019 10:22:28
1069538|432183|669267,Create Offer,Create Offer,27/2/2019 10:22:41
1069538|432183|669267,Release Offer,Release Offer,27/2/2019 10:28:11
1125242|497408|763842,Assessment Outcome - Successful,Assessment Outcome - Successful,28/10/2019 13:21:38
1125242|497408|763842,OC - Created - Other,OC - Created - Evidence of course completion,28/10/2019 13:23:50
1125242|497408|763842,Release Offer,Release Offer,28/10/2019 13:26:03
835493|381885|594816,Assessment Outcome - Successful,Assessment Outcome - Successful,23/8/2018 15:42:55
835493|381885|594816,Create Offer,Create Offer,23/8/2018 15:43:05
835493|381885|594816,OC - Created - Other,OC - Created - Evidence of course completion,23/8/2018 15:47:01
835493|381885|594816,Release Offer,Release Offer,23/8/2018 15:50:19
1108816|477683|732826,Assessment Outcome - Successful,Assessment Outcome - Successful,28/5/2019 17:09:04
1108816|477683|732826,Create Offer,Create Offer,28/5/2019 17:09:18
1108816|477683|732826,Release Offer,Release Offer,28/5/2019 17:10:35
1019820|360156|561476,Assessment Outcome - Successful,Assessment Outcome - Successful,17/9/2018 10:54:46
1019820|360156|561476,Create Offer,Create Offer,17/9/2018 10:55:01
1019820|360156|561476,Release Offer,Release Offer,17/9/2018 11:01:09
1048920|406016|629731,Assessment Outcome - Successful,Assessment Outcome - Successful,1/11/2018 14:18:18
1048920|406016|629731,Create Offer,Create Offer,1/11/2018 14:18:27
1048920|406016|629731,Release Offer,Release Offer,1/11/2018 14:22:37
1166685|557494|853107,Assessment Outcome - Successful,Assessment Outcome - Successful,30/1/2020 9:23:02
1166685|557494|853107,Create Offer,Create Offer,30/1/2020 9:23:18
1166685|557494|853107,OC - Created - Other,OC - Created - Evidence of course completion,30/1/2020 9:25:05
1166685|557494|853107,Release Offer,Release Offer,30/1/2020 9:26:33
391484|440820|681505,Assessment Outcome - Successful,Assessment Outcome - Successful,23/1/2019 16:44:54
391484|440820|681505,Create Offer,Create Offer,23/1/2019 16:45:08
391484|440820|681505,Release Offer,Release Offer,23/1/2019 16:46:19
1125321|497557|764055,Assessment Outcome - Successful,Assessment Outcome - Successful,8/1/2020 11:27:43
1125321|497557|764055,Create Offer,Create Offer,8/1/2020 11:27:59
1125321|497557|764055,Release Offer,Release Offer,8/1/2020 11:30:38
1154919|540111|826548,Assessment Outcome - Successful,Assessment Outcome - Successful,21/11/2019 13:07:47
1154919|540111|826548,Create Offer,Create Offer,21/11/2019 13:07:59
1154919|540111|826548,Release Offer,Release Offer,21/11/2019 13:08:57
1075271|436095|674437,Assessment Outcome - Successful,Assessment Outcome - Successful,25/3/2019 16:53:06
1075271|436095|674437,Create Offer,Create Offer,25/3/2019 16:53:20
1075271|436095|674437,Release Offer,Release Offer,25/3/2019 16:56:36
502030|95557|149167,Assessment Outcome - Successful,Assessment Outcome - Successful,26/4/2016 16:06:32
502030|95557|149167,Create Offer,Create Offer,26/4/2016 16:06:40
502030|95557|149167,Release Offer,Release Offer,26/4/2016 16:27:24
1039638|385698|600699,Assessment Outcome - Successful,Assessment Outcome - Successful,19/10/2018 15:24:14
1039638|385698|600699,Create Offer,Create Offer,19/10/2018 15:24:24
1039638|385698|600699,Release Offer,Release Offer,19/10/2018 15:26:59
743304|471313|736176,Assessment Outcome - Successful,Assessment Outcome - Successful,23/5/2019 12:45:41
743304|471313|736176,Create Offer,Create Offer,23/5/2019 12:45:49
743304|471313|736176,Release Offer,Release Offer,23/5/2019 12:46:12
1101040|468693|719818,Assessment Outcome - Successful,Assessment Outcome - Successful,11/5/2019 17:34:11
1101040|468693|719818,Create Offer,Create Offer,11/5/2019 17:34:21
1101040|468693|719818,Release Offer,Release Offer,11/5/2019 17:34:52
667528|467229|717747,Assessment Outcome - Successful,Assessment Outcome - Successful,17/4/2019 10:04:44
667528|467229|717747,Create Offer,Create Offer,17/4/2019 10:04:57
667528|467229|717747,AR - Satisfied - Other,AR - Satisfied - English language requirements,30/4/2019 15:37:36
667528|467229|717747,AR - Satisfied - further information,AR - Satisfied - Further information (1),30/4/2019 15:37:49
667528|467229|717747,AR - Satisfied - ELR,AR - Satisfied - English language proficiency,30/4/2019 15:38:28
667528|467229|717747,Release Offer,Release Offer,30/4/2019 15:46:36
1002271|337186|527523,Assessment Outcome - Successful,Assessment Outcome - Successful,23/4/2018 17:07:29
1002271|337186|527523,Create Offer,Create Offer,23/4/2018 17:07:43
1002271|337186|527523,Release Offer,Release Offer,23/4/2018 17:10:39
1088165|451767|694294,Assessment Outcome - Successful,Assessment Outcome - Successful,5/2/2019 15:39:42
1088165|451767|694294,Create Offer,Create Offer,5/2/2019 15:39:57
1088165|451767|694294,Release Offer,Release Offer,5/2/2019 15:41:52
1167760|559579|856156,Assessment Outcome - Successful,Assessment Outcome - Successful,7/1/2020 15:57:02
1167760|559579|856156,Create Offer,Create Offer,7/1/2020 15:57:17
1167760|559579|856156,Release Offer,Release Offer,7/1/2020 15:59:12
1132166|507800|779193,Assessment Outcome - Successful,Assessment Outcome - Successful,10/10/2019 14:57:15
1132166|507800|779193,Create Offer,Create Offer,10/10/2019 14:57:31
1132166|507800|779193,Release Offer,Release Offer,10/10/2019 14:58:16
1039899|384683|599114,Assessment Outcome - Successful,Assessment Outcome - Successful,31/8/2018 11:15:02
1039899|384683|599114,Create Offer,Create Offer,31/8/2018 11:15:15
1039899|384683|599114,Release Offer,Release Offer,31/8/2018 11:16:52
1070795|429500|665369,Assessment Outcome - Successful,Assessment Outcome - Successful,21/12/2018 10:38:09
1070795|429500|665369,Create Offer,Create Offer,21/12/2018 10:38:21
1070795|429500|665369,Release Offer,Release Offer,21/12/2018 10:45:59
954468|360490|561961,Assessment Outcome - Successful,Assessment Outcome - Successful,15/6/2018 14:22:35
954468|360490|561961,Create Offer,Create Offer,15/6/2018 14:22:47
954468|360490|561961,Release Offer,Release Offer,15/6/2018 14:23:52
1033537|378991|590458,Assessment Outcome - Successful,Assessment Outcome - Successful,16/8/2018 12:48:25
1033537|378991|590458,Create Offer,Create Offer,16/8/2018 12:48:37
1033537|378991|590458,Release Offer,Release Offer,16/8/2018 12:51:50
1130751|504985|774945,Assessment Outcome - Successful,Assessment Outcome - Successful,25/9/2019 10:26:03
1130751|504985|774945,Create Offer,Create Offer,25/9/2019 10:26:20
1130751|504985|774945,Release Offer,Release Offer,25/9/2019 10:27:46
1137305|513656|787847,Assessment Outcome - Successful,Assessment Outcome - Successful,25/10/2019 9:14:04
1137305|513656|787847,Create Offer,Create Offer,25/10/2019 9:14:14
1137305|513656|787847,Release Offer,Release Offer,25/10/2019 9:15:17
834579|497265|763633,Assessment Outcome - Successful,Assessment Outcome - Successful,14/8/2019 13:59:53
834579|497265|763633,Create Offer,Create Offer,14/8/2019 14:00:03
834579|497265|763633,OC - Created - Other,OC - Created - Evidence of course completion,14/8/2019 14:02:57
834579|497265|763633,Release Offer,Release Offer,14/8/2019 14:03:50
1133127|508191|779818,Assessment Outcome - Successful,Assessment Outcome - Successful,12/10/2019 15:01:41
1133127|508191|779818,Create Offer,Create Offer,12/10/2019 15:01:58
1133127|508191|779818,Release Offer,Release Offer,12/10/2019 15:02:14
1054087|405700|629279,Assessment Outcome - Successful,Assessment Outcome - Successful,18/10/2018 11:00:16
1054087|405700|629279,Create Offer,Create Offer,18/10/2018 11:00:29
1054087|405700|629279,OC - Created - Other,OC - Created - English language requirements,18/10/2018 11:01:34
1054087|405700|629279,Release Offer,Release Offer,18/10/2018 11:01:38
1056911|417015|646465,Assessment Outcome - Successful,Assessment Outcome - Successful,4/12/2018 16:29:14
1056911|417015|646465,Create Offer,Create Offer,4/12/2018 16:29:29
1056911|417015|646465,Release Offer,Release Offer,4/12/2018 16:31:24
1025305|366531|571922,Assessment Outcome - Successful,Assessment Outcome - Successful,18/7/2018 10:37:52
1025305|366531|571922,Create Offer,Create Offer,18/7/2018 10:38:03
1025305|366531|571922,Release Offer,Release Offer,18/7/2018 10:39:48
1116512|486416|746788,Assessment Outcome - Successful,Assessment Outcome - Successful,4/6/2019 12:02:50
1116512|486416|746788,Create Offer,Create Offer,4/6/2019 12:03:00
1116512|486416|746788,Release Offer,Release Offer,4/6/2019 12:03:26
1075305|437160|675799,Assessment Outcome - Successful,Assessment Outcome - Successful,26/3/2019 15:59:18
1075305|437160|675799,Create Offer,Create Offer,26/3/2019 15:59:31
1075305|437160|675799,Release Offer,Release Offer,26/3/2019 16:00:47
1045292|395605|615665,Assessment Outcome - Successful,Assessment Outcome - Successful,7/12/2018 13:35:59
1045292|395605|615665,Create Offer,Create Offer,7/12/2018 13:36:10
1045292|395605|615665,Release Offer,Release Offer,7/12/2018 13:38:11
1179697|573960|874171,Assessment Outcome - Successful,Assessment Outcome - Successful,24/1/2020 16:03:13
1179697|573960|874171,Create Offer,Create Offer,24/1/2020 16:03:29
1179697|573960|874171,Release Offer,Release Offer,24/1/2020 16:05:11
1077299|440564|681102,Assessment Outcome - Successful,Assessment Outcome - Successful,5/2/2019 11:38:04
1077299|440564|681102,Create Offer,Create Offer,5/2/2019 11:38:13
1077299|440564|681102,Release Offer,Release Offer,12/2/2019 8:12:58
1094186|460098|706687,Assessment Outcome - Successful,Assessment Outcome - Successful,11/5/2019 11:21:18
1094186|460098|706687,Create Offer,Create Offer,11/5/2019 11:21:26
1094186|460098|706687,Release Offer,Release Offer,11/5/2019 11:21:35
1064973|420801|652109,Assessment Outcome - Successful,Assessment Outcome - Successful,7/1/2019 10:57:41
1064973|420801|652109,Create Offer,Create Offer,7/1/2019 10:57:49
1064973|420801|652109,OC - Created - Other,OC - Created - English language requirements,20/2/2019 14:18:58
1064973|420801|652109,Release Offer,Release Offer,20/2/2019 14:42:30
1158391|545558|835278,Assessment Outcome - Successful,Assessment Outcome - Successful,14/11/2019 11:40:28
1158391|545558|835278,Create Offer,Create Offer,14/11/2019 11:40:44
958145|268178|427378,Assessment Outcome - Successful,Assessment Outcome - Successful,29/8/2017 13:58:04
958145|268178|427378,Create Offer,Create Offer,29/8/2017 13:58:14
958145|268178|427378,AR - Satisfied - work experience,AR - Satisfied - Curriculum Vitae,4/9/2017 10:46:17
958145|268178|427378,OC - Satisfied - Other,OC - Satisfied - English language requirements,4/9/2017 10:46:23
958145|268178|427378,Assessment Decision - Qualified,Assessment Decision - Qualified,7/9/2017 16:13:06
958145|268178|427378,OC - Created - Other,OC - Created - Evidence of course completion,12/9/2017 16:13:40
958145|268178|427378,Release Offer,Release Offer,12/9/2017 16:15:26
1113797|483123|741281,Assessment Outcome - Successful,Assessment Outcome - Successful,28/5/2019 12:33:09
1113797|483123|741281,Create Offer,Create Offer,28/5/2019 12:33:18
1113797|483123|741281,Release Offer,Release Offer,28/5/2019 12:38:06
1023596|363705|567084,Assessment Outcome - Successful,Assessment Outcome - Successful,4/7/2018 12:26:22
1023596|363705|567084,Create Offer,Create Offer,4/7/2018 12:26:39
1023596|363705|567084,Release Offer,Release Offer,4/7/2018 12:28:30
1113932|483313|741599,Assessment Outcome - Successful,Assessment Outcome - Successful,24/5/2019 14:43:05
1113932|483313|741599,Create Offer,Create Offer,24/5/2019 14:43:13
1113932|483313|741599,OC - Created - Other,OC - Created - Evidence of course completion,24/5/2019 14:44:02
1113932|483313|741599,Release Offer,Release Offer,24/5/2019 14:44:13
1111795|503247|772407,Assessment Outcome - Successful,Assessment Outcome - Successful,12/10/2019 16:21:11
1111795|503247|772407,Create Offer,Create Offer,12/10/2019 16:21:26
1111795|503247|772407,Release Offer,Release Offer,12/10/2019 16:23:30
1033983|377298|587978,Assessment Outcome - Successful,Assessment Outcome - Successful,6/8/2018 16:15:58
1033983|377298|587978,Create Offer,Create Offer,6/8/2018 16:16:08
1033983|377298|587978,Release Offer,Release Offer,6/8/2018 16:24:18
972422|400054|621668,Assessment Outcome - Successful,Assessment Outcome - Successful,7/12/2018 13:49:16
972422|400054|621668,Create Offer,Create Offer,7/12/2018 13:49:25
972422|400054|621668,OC - Created - Other,OC - Created - Evidence of course completion,7/12/2018 13:50:00
972422|400054|621668,Release Offer,Release Offer,7/12/2018 13:51:40
1021829|361369|563371,Assessment Outcome - Successful,Assessment Outcome - Successful,15/6/2018 15:18:43
1021829|361369|563371,Create Offer,Create Offer,15/6/2018 15:18:53
1021829|361369|563371,OC - Created - Other,OC - Created - Evidence of course completion,15/6/2018 15:19:57
1021829|361369|563371,Release Offer,Release Offer,15/6/2018 15:20:02
1041587|386786|602292,Assessment Outcome - Successful,Assessment Outcome - Successful,12/10/2018 12:04:13
1041587|386786|602292,Create Offer,Create Offer,12/10/2018 12:04:27
1041587|386786|602292,Release Offer,Release Offer,12/10/2018 12:04:51
1008291|344923|538678,Assessment Outcome - Successful,Assessment Outcome - Successful,16/3/2018 16:00:48
1008291|344923|538678,Create Offer,Create Offer,16/3/2018 16:00:52
1008291|344923|538678,Release Offer,Release Offer,16/3/2018 16:01:33
1050718|398720|620149,Assessment Outcome - Successful,Assessment Outcome - Successful,2/4/2019 11:15:35
1050718|398720|620149,Create Offer,Create Offer,2/4/2019 11:15:53
1050718|398720|620149,Release Offer,Release Offer,4/4/2019 14:12:52
1093614|459356|705552,Assessment Outcome - Successful,Assessment Outcome - Successful,31/5/2019 11:46:17
1093614|459356|705552,Create Offer,Create Offer,31/5/2019 11:46:27
1093614|459356|705552,Release Offer,Release Offer,31/5/2019 11:48:48
1124743|501279|769447,Assessment Outcome - Successful,Assessment Outcome - Successful,12/10/2019 13:23:51
1124743|501279|769447,Create Offer,Create Offer,12/10/2019 13:24:05
1124743|501279|769447,Release Offer,Release Offer,12/10/2019 13:25:37
760917|549247|840467,Assessment Outcome - Successful,Assessment Outcome - Successful,30/1/2020 15:15:09
760917|549247|840467,Assessment Decision - Qualified,Assessment Decision - Qualified,30/1/2020 15:15:09
760917|549247|840467,Create Offer,Create Offer,30/1/2020 15:15:28
760917|549247|840467,Release Offer,Release Offer,30/1/2020 15:19:11
1164668|554728|848470,Assessment Outcome - Successful,Assessment Outcome - Successful,17/12/2019 13:57:50
1164668|554728|848470,Create Offer,Create Offer,17/12/2019 13:58:06
1164668|554728|848470,OC - Created - Other,OC - Created - Evidence of course completion,17/12/2019 14:00:12
1164668|554728|848470,Release Offer,Release Offer,17/12/2019 14:00:17
1086364|448364|689547,Assessment Outcome - Successful,Assessment Outcome - Successful,10/5/2019 14:14:06
1086364|448364|689547,Create Offer,Create Offer,10/5/2019 14:14:19
1086364|448364|689547,Release Offer,Release Offer,10/5/2019 14:18:04
961605|274057|436445,Assessment Outcome - Successful,Assessment Outcome - Successful,16/11/2017 15:36:04
961605|274057|436445,Create Offer,Create Offer,16/11/2017 15:36:21
961605|274057|436445,OC - Created - Other,OC - Created - Evidence of course completion,16/11/2017 15:39:09
961605|274057|436445,Release Offer,Release Offer,16/11/2017 15:39:16
1094392|460391|707157,Assessment Outcome - Successful,Assessment Outcome - Successful,30/5/2019 15:30:32
1094392|460391|707157,Create Offer,Create Offer,30/5/2019 15:30:42
1094392|460391|707157,Release Offer,Release Offer,30/5/2019 15:32:35
982801|348906|544484,Assessment Outcome - Successful,Assessment Outcome - Successful,31/5/2018 11:33:27
982801|348906|544484,Create Offer,Create Offer,31/5/2018 11:33:43
982801|348906|544484,Release Offer,Release Offer,31/5/2018 11:42:45
855738|481191|738122,Assessment Outcome - Successful,Assessment Outcome - Successful,28/5/2019 9:19:09
855738|481191|738122,Create Offer,Create Offer,28/5/2019 9:19:19
855738|481191|738122,Release Offer,Release Offer,28/5/2019 9:20:38
1132012|506654|777406,Assessment Outcome - Successful,Assessment Outcome - Successful,12/10/2019 11:21:18
1132012|506654|777406,Create Offer,Create Offer,12/10/2019 11:21:33
1132012|506654|777406,Release Offer,Release Offer,12/10/2019 11:24:44
1034446|377904|588943,Assessment Outcome - Successful,Assessment Outcome - Successful,20/9/2018 9:54:19
1034446|377904|588943,Create Offer,Create Offer,20/9/2018 9:54:39
1034446|377904|588943,Release Offer,Release Offer,20/9/2018 10:00:33
925926|416065|645076,Assessment Outcome - Successful,Assessment Outcome - Successful,23/11/2018 15:30:41
925926|416065|645076,Create Offer,Create Offer,23/11/2018 15:30:55
925926|416065|645076,Release Offer,Release Offer,23/11/2018 15:33:55
1023660|451888|694464,Assessment Outcome - Successful,Assessment Outcome - Successful,13/2/2019 9:35:04
1023660|451888|694464,Create Offer,Create Offer,13/2/2019 9:35:12
1023660|451888|694464,OC - Created - Other,OC - Created - English language requirements,13/2/2019 9:36:53
1023660|451888|694464,Release Offer,Release Offer,13/2/2019 9:37:27
1112544|482220|739792,Assessment Outcome - Successful,Assessment Outcome - Successful,23/5/2019 16:46:41
1112544|482220|739792,Create Offer,Create Offer,23/5/2019 16:46:50
1112544|482220|739792,Release Offer,Release Offer,23/5/2019 16:47:05
1032525|375569|585384,Assessment Outcome - Successful,Assessment Outcome - Successful,14/8/2018 9:46:33
1032525|375569|585384,Create Offer,Create Offer,14/8/2018 9:46:45
1032525|375569|585384,Release Offer,Release Offer,14/8/2018 9:48:12
735247|392945|611679,Assessment Outcome - Successful,Assessment Outcome - Successful,19/11/2018 11:01:59
735247|392945|611679,Create Offer,Create Offer,19/11/2018 11:02:13
735247|392945|611679,Release Offer,Release Offer,19/11/2018 11:10:21
1028266|369880|577147,Assessment Outcome - Successful,Assessment Outcome - Successful,15/8/2018 10:15:26
1028266|369880|577147,Create Offer,Create Offer,15/8/2018 10:15:41
1028266|369880|577147,Release Offer,Release Offer,15/8/2018 10:19:02
945793|418162|648125,Assessment Outcome - Successful,Assessment Outcome - Successful,3/12/2018 16:19:57
945793|418162|648125,Create Offer,Create Offer,3/12/2018 16:20:09
945793|418162|648125,Release Offer,Release Offer,3/12/2018 16:23:55
886776|417211|646765,Assessment Outcome - Successful,Assessment Outcome - Successful,9/1/2019 11:34:04
886776|417211|646765,Create Offer,Create Offer,9/1/2019 11:34:15
886776|417211|646765,Release Offer,Release Offer,9/1/2019 11:38:28
1104905|473108|726077,Assessment Outcome - Successful,Assessment Outcome - Successful,11/6/2019 15:26:26
1104905|473108|726077,Create Offer,Create Offer,11/6/2019 15:26:40
1104905|473108|726077,Release Offer,Release Offer,11/6/2019 15:29:34
1089818|454140|697858,Assessment Outcome - Successful,Assessment Outcome - Successful,26/2/2019 12:17:53
1089818|454140|697858,Create Offer,Create Offer,26/2/2019 12:18:06
1089818|454140|697858,Release Offer,Release Offer,26/2/2019 12:20:42
1040150|384987|599608,Assessment Outcome - Successful,Assessment Outcome - Successful,12/10/2018 10:21:28
1040150|384987|599608,Create Offer,Create Offer,12/10/2018 10:21:43
1040150|384987|599608,Release Offer,Release Offer,12/10/2018 10:27:27
982703|311743|493733,Assessment Outcome - Successful,Assessment Outcome - Successful,21/12/2017 16:16:11
982703|311743|493733,Create Offer,Create Offer,21/12/2017 16:16:32
982703|311743|493733,Release Offer,Release Offer,21/12/2017 16:17:43
813767|478572|734181,Assessment Outcome - Successful,Assessment Outcome - Successful,28/5/2019 14:03:53
813767|478572|734181,Create Offer,Create Offer,28/5/2019 14:04:02
813767|478572|734181,Release Offer,Release Offer,28/5/2019 14:06:30
1076747|476620|731205,Assessment Outcome - Successful,Assessment Outcome - Successful,28/5/2019 15:55:06
1076747|476620|731205,Create Offer,Create Offer,28/5/2019 15:55:20
1076747|476620|731205,Release Offer,Release Offer,28/5/2019 16:01:50
1051435|400572|622536,Assessment Outcome - Successful,Assessment Outcome - Successful,23/10/2018 9:28:42
1051435|400572|622536,Create Offer,Create Offer,23/10/2018 9:28:52
1051435|400572|622536,Release Offer,Release Offer,23/10/2018 9:31:01
1091807|456907|701632,Assessment Outcome - Successful,Assessment Outcome - Successful,21/5/2019 15:00:55
1091807|456907|701632,Create Offer,Create Offer,21/5/2019 15:01:11
1091807|456907|701632,Release Offer,Release Offer,21/5/2019 15:07:06
1077871|514419|788956,Assessment Outcome - Successful,Assessment Outcome - Successful,2/11/2019 11:43:39
1077871|514419|788956,Create Offer,Create Offer,2/11/2019 11:43:54
1077871|514419|788956,Release Offer,Release Offer,2/11/2019 11:46:26
1117605|488390|749984,Assessment Outcome - Successful,Assessment Outcome - Successful,14/6/2019 12:44:53
1117605|488390|749984,Create Offer,Create Offer,14/6/2019 12:45:02
1117605|488390|749984,Release Offer,Release Offer,14/6/2019 12:51:09
1023330|363366|566519,Assessment Outcome - Successful,Assessment Outcome - Successful,25/6/2018 14:09:11
1023330|363366|566519,Create Offer,Create Offer,25/6/2018 14:09:25
1023330|363366|566519,Release Offer,Release Offer,25/6/2018 14:16:16
646614|368974|575718,Assessment Outcome - Successful,Assessment Outcome - Successful,5/7/2018 12:04:02
646614|368974|575718,Create Offer,Create Offer,5/7/2018 12:04:27
646614|368974|575718,Release Offer,Release Offer,5/7/2018 12:08:56
903597|379818|591703,Assessment Outcome - Successful,Assessment Outcome - Successful,16/8/2018 13:27:39
903597|379818|591703,Create Offer,Create Offer,16/8/2018 13:27:51
903597|379818|591703,Release Offer,Release Offer,16/8/2018 13:29:42
1151280|534643|818234,Assessment Outcome - Successful,Assessment Outcome - Successful,9/1/2020 12:05:45
1151280|534643|818234,Create Offer,Create Offer,9/1/2020 12:06:01
1151280|534643|818234,Assessment Decision - Qualified,Assessment Decision - Qualified,9/1/2020 12:06:25
1151280|534643|818234,Release Offer,Release Offer,9/1/2020 12:07:27
1112743|481938|739342,Assessment Outcome - Successful,Assessment Outcome - Successful,6/8/2019 15:05:50
1112743|481938|739342,Create Offer,Create Offer,6/8/2019 15:06:04
1112743|481938|739342,Release Offer,Release Offer,6/8/2019 15:09:16
1054060|410058|635915,Assessment Outcome - Successful,Assessment Outcome - Successful,6/12/2018 11:46:58
1054060|410058|635915,Create Offer,Create Offer,6/12/2018 11:47:10
1054060|410058|635915,Assessment Decision - Qualified,Assessment Decision - Qualified,6/12/2018 11:51:45
1054060|410058|635915,OC - Created - Other,OC - Created - English language requirements,12/12/2018 9:53:11
1054060|410058|635915,Release Offer,Release Offer,18/12/2018 12:22:35
939534|414919|643183,Assessment Outcome - Successful,Assessment Outcome - Successful,10/12/2018 10:03:32
939534|414919|643183,Create Offer,Create Offer,10/12/2018 10:03:44
939534|414919|643183,Release Offer,Release Offer,10/12/2018 10:07:21
1030385|372914|581495,Assessment Outcome - Successful,Assessment Outcome - Successful,10/8/2018 12:30:00
1030385|372914|581495,Create Offer,Create Offer,10/8/2018 12:30:17
1030385|372914|581495,Release Assessment Hold,Release Assessment Hold,10/8/2018 12:31:09
1030385|372914|581495,Release Offer,Release Offer,10/8/2018 12:34:05
1150349|533218|815876,Assessment Outcome - Successful,Assessment Outcome - Successful,2/11/2019 17:13:48
1150349|533218|815876,Create Offer,Create Offer,2/11/2019 17:13:58
1150349|533218|815876,Release Offer,Release Offer,2/11/2019 17:15:56
1161800|550469|858702,Assessment Outcome - Successful,Assessment Outcome - Successful,19/12/2019 17:17:45
1161800|550469|858702,Create Offer,Create Offer,19/12/2019 17:18:04
1161800|550469|858702,Release Offer,Release Offer,19/12/2019 17:21:22
