CASE_ID,WRKFLW_TSK_MAP_GROUPED,WRKFLW_TSK_MAP_DETAILED,PATH_CRDATETIME,time_used_str,time_used_second
1076747|438001|677047,Assessment Outcome - Successful,Assessment Outcome - Successful,15/1/2019 16:46:30,0 days 0 hours 0 minutes 13 seconds,13.0
1076747|438001|677047,Create Offer,Create Offer,15/1/2019 16:46:43,0 days 0 hours 38 minutes 55 seconds,2335.0
1076747|438001|677047,Release Offer,Release Offer,15/1/2019 17:25:38,NA,0.0
783739|454578|698529,Assessment Outcome - Successful,Assessment Outcome - Successful,5/2/2019 14:09:31,0 days 0 hours 0 minutes 7 seconds,7.0
783739|454578|698529,Create Offer,Create Offer,5/2/2019 14:09:38,0 days 0 hours 1 minutes 15 seconds,75.0
783739|454578|698529,Release Offer,Release Offer,5/2/2019 14:10:53,NA,0.0
1138305|515182|790060,Assessment Outcome - Successful,Assessment Outcome - Successful,13/12/2019 16:33:19,0 days 0 hours 0 minutes 12 seconds,12.0
1138305|515182|790060,Create Offer,Create Offer,13/12/2019 16:33:31,0 days 0 hours 2 minutes 15 seconds,135.0
1138305|515182|790060,OC - Created - Other,OC - Created - Evidence of course completion,13/12/2019 16:35:46,0 days 0 hours 0 minutes 22 seconds,22.0
1138305|515182|790060,Release Offer,Release Offer,13/12/2019 16:36:08,NA,0.0
1037562|386109|651820,Assessment Outcome - Successful,Assessment Outcome - Successful,15/11/2018 10:46:51,0 days 0 hours 0 minutes 0 seconds,0.0
1037562|386109|651820,Assessment Decision - Qualified,Assessment Decision - Qualified,15/11/2018 10:46:51,0 days 0 hours 0 minutes 15 seconds,15.0
1037562|386109|651820,Create Offer,Create Offer,15/11/2018 10:47:06,0 days 0 hours 11 minutes 11 seconds,671.0
1037562|386109|651820,Release Offer,Release Offer,15/11/2018 10:58:17,NA,0.0
1052649|403155|625720,Assessment Outcome - Successful,Assessment Outcome - Successful,1/11/2018 14:24:00,0 days 0 hours 1 minutes 35 seconds,95.0
1052649|403155|625720,Create Offer,Create Offer,1/11/2018 14:25:35,0 days 0 hours 0 minutes 26 seconds,26.0
1052649|403155|625720,Release Offer,Release Offer,1/11/2018 14:26:01,NA,0.0
1114684|484215|743082,Assessment Outcome - Successful,Assessment Outcome - Successful,3/7/2019 9:35:46,0 days 0 hours 0 minutes 9 seconds,9.0
1114684|484215|743082,Create Offer,Create Offer,3/7/2019 9:35:55,0 days 0 hours 2 minutes 40 seconds,160.0
1114684|484215|743082,Release Offer,Release Offer,3/7/2019 9:38:35,NA,0.0
1062725|419008|649432,Assessment Outcome - Successful,Assessment Outcome - Successful,10/1/2019 11:30:19,0 days 0 hours 0 minutes 6 seconds,6.0
1062725|419008|649432,Create Offer,Create Offer,10/1/2019 11:30:25,0 days 0 hours 2 minutes 3 seconds,123.0
1062725|419008|649432,Release Offer,Release Offer,10/1/2019 11:32:28,NA,0.0
1068985|426862|661450,Assessment Outcome - Successful,Assessment Outcome - Successful,24/12/2018 10:39:45,0 days 0 hours 0 minutes 9 seconds,9.0
1068985|426862|661450,Create Offer,Create Offer,24/12/2018 10:39:54,0 days 0 hours 13 minutes 44 seconds,824.0
1068985|426862|661450,Release Offer,Release Offer,24/12/2018 10:53:38,NA,0.0
660857|474347|727887,Assessment Outcome - Successful,Assessment Outcome - Successful,10/5/2019 15:21:45,0 days 0 hours 0 minutes 8 seconds,8.0
660857|474347|727887,Create Offer,Create Offer,10/5/2019 15:21:53,10 days 23 hours 36 minutes 12 seconds,948972.0
660857|474347|727887,Release Offer,Release Offer,21/5/2019 14:58:05,NA,0.0
1061850|416881|646276,Assessment Outcome - Successful,Assessment Outcome - Successful,26/3/2019 16:35:22,0 days 0 hours 0 minutes 12 seconds,12.0
1061850|416881|646276,Create Offer,Create Offer,26/3/2019 16:35:34,0 days 0 hours 0 minutes 46 seconds,46.0
1061850|416881|646276,Release Offer,Release Offer,26/3/2019 16:36:20,NA,0.0
354059|390663|608273,Assessment Outcome - Successful,Assessment Outcome - Successful,18/10/2018 11:17:17,0 days 0 hours 0 minutes 23 seconds,23.0
354059|390663|608273,Create Offer,Create Offer,18/10/2018 11:17:40,0 days 0 hours 0 minutes 57 seconds,57.0
354059|390663|608273,Release Offer,Release Offer,18/10/2018 11:18:37,NA,0.0
1132420|507235|778296,Assessment Outcome - Successful,Assessment Outcome - Successful,12/10/2019 11:26:46,0 days 0 hours 0 minutes 12 seconds,12.0
1132420|507235|778296,Create Offer,Create Offer,12/10/2019 11:26:58,0 days 0 hours 1 minutes 52 seconds,112.0
1132420|507235|778296,Release Offer,Release Offer,12/10/2019 11:28:50,NA,0.0
1037818|382051|595063,Assessment Outcome - Successful,Assessment Outcome - Successful,14/9/2018 12:06:20,0 days 0 hours 0 minutes 13 seconds,13.0
1037818|382051|595063,Create Offer,Create Offer,14/9/2018 12:06:33,0 days 0 hours 9 minutes 53 seconds,593.0
1037818|382051|595063,Release Offer,Release Offer,14/9/2018 12:16:26,NA,0.0
1103842|474147|727584,Assessment Outcome - Successful,Assessment Outcome - Successful,28/5/2019 14:00:21,0 days 0 hours 0 minutes 13 seconds,13.0
1103842|474147|727584,Create Offer,Create Offer,28/5/2019 14:00:34,0 days 0 hours 8 minutes 34 seconds,514.0
1103842|474147|727584,Release Offer,Release Offer,28/5/2019 14:09:08,NA,0.0
1110447|479220|735089,Assessment Outcome - Successful,Assessment Outcome - Successful,12/6/2019 13:17:51,0 days 0 hours 0 minutes 17 seconds,17.0
1110447|479220|735089,Create Offer,Create Offer,12/6/2019 13:18:08,0 days 0 hours 2 minutes 19 seconds,139.0
1110447|479220|735089,Release Offer,Release Offer,12/6/2019 13:20:27,NA,0.0
1111306|480248|736601,Assessment Outcome - Successful,Assessment Outcome - Successful,11/5/2019 14:33:16,0 days 0 hours 0 minutes 7 seconds,7.0
1111306|480248|736601,Create Offer,Create Offer,11/5/2019 14:33:23,0 days 0 hours 1 minutes 35 seconds,95.0
1111306|480248|736601,AR - Satisfied - ELR,AR - Satisfied - English language proficiency,11/5/2019 14:34:58,0 days 0 hours 0 minutes 33 seconds,33.0
1111306|480248|736601,Release Offer,Release Offer,11/5/2019 14:35:31,NA,0.0
1090139|454580|698531,Assessment Outcome - Successful,Assessment Outcome - Successful,7/2/2019 15:17:07,0 days 0 hours 0 minutes 10 seconds,10.0
1090139|454580|698531,Create Offer,Create Offer,7/2/2019 15:17:17,0 days 0 hours 2 minutes 13 seconds,133.0
1090139|454580|698531,Release Offer,Release Offer,7/2/2019 15:19:30,NA,0.0
161176|451563|693990,Assessment Outcome - Successful,Assessment Outcome - Successful,26/2/2019 8:56:07,0 days 0 hours 0 minutes 16 seconds,16.0
161176|451563|693990,Create Offer,Create Offer,26/2/2019 8:56:23,0 days 0 hours 2 minutes 4 seconds,124.0
161176|451563|693990,Release Offer,Release Offer,26/2/2019 8:58:27,NA,0.0
1034720|382304|595455,Assessment Outcome - Successful,Assessment Outcome - Successful,13/9/2018 16:25:36,0 days 0 hours 0 minutes 12 seconds,12.0
1034720|382304|595455,Create Offer,Create Offer,13/9/2018 16:25:48,0 days 0 hours 0 minutes 39 seconds,39.0
1034720|382304|595455,OC - Created - Other,OC - Created - English language requirements,13/9/2018 16:26:27,0 days 0 hours 0 minutes 2 seconds,2.0
1034720|382304|595455,Release Offer,Release Offer,13/9/2018 16:26:29,NA,0.0
1110498|479274|735167,Assessment Outcome - Successful,Assessment Outcome - Successful,16/5/2019 15:36:08,0 days 0 hours 0 minutes 14 seconds,14.0
1110498|479274|735167,Create Offer,Create Offer,16/5/2019 15:36:22,0 days 0 hours 2 minutes 10 seconds,130.0
1110498|479274|735167,Release Offer,Release Offer,16/5/2019 15:38:32,NA,0.0
1021374|372858|581409,Assessment Outcome - Successful,Assessment Outcome - Successful,15/8/2018 11:53:20,0 days 0 hours 0 minutes 13 seconds,13.0
1021374|372858|581409,Create Offer,Create Offer,15/8/2018 11:53:33,0 days 0 hours 2 minutes 51 seconds,171.0
1021374|372858|581409,Release Offer,Release Offer,15/8/2018 11:56:24,NA,0.0
1027704|369135|575961,Assessment Outcome - Successful,Assessment Outcome - Successful,28/8/2018 13:07:08,0 days 0 hours 0 minutes 28 seconds,28.0
1027704|369135|575961,Create Offer,Create Offer,28/8/2018 13:07:36,0 days 0 hours 9 minutes 17 seconds,557.0
1027704|369135|575961,Release Offer,Release Offer,28/8/2018 13:16:53,NA,0.0
1105143|473407|726500,Assessment Outcome - Successful,Assessment Outcome - Successful,11/5/2019 12:34:55,0 days 0 hours 0 minutes 9 seconds,9.0
1105143|473407|726500,Create Offer,Create Offer,11/5/2019 12:35:04,0 days 0 hours 0 minutes 26 seconds,26.0
1105143|473407|726500,Release Offer,Release Offer,11/5/2019 12:35:30,NA,0.0
1045755|392141|610470,Assessment Outcome - Successful,Assessment Outcome - Successful,12/10/2018 14:24:00,0 days 0 hours 0 minutes 13 seconds,13.0
1045755|392141|610470,Create Offer,Create Offer,12/10/2018 14:24:13,0 days 0 hours 2 minutes 55 seconds,175.0
1045755|392141|610470,Release Offer,Release Offer,12/10/2018 14:27:08,NA,0.0
722408|378330|589526,Assessment Outcome - Successful,Assessment Outcome - Successful,10/9/2018 16:50:56,0 days 0 hours 1 minutes 0 seconds,60.0
722408|378330|589526,Create Offer,Create Offer,10/9/2018 16:51:56,0 days 0 hours 2 minutes 21 seconds,141.0
722408|378330|589526,Release Offer,Release Offer,10/9/2018 16:54:17,NA,0.0
960006|404758|627917,Assessment Outcome - Successful,Assessment Outcome - Successful,13/10/2018 14:12:26,0 days 0 hours 0 minutes 12 seconds,12.0
960006|404758|627917,Create Offer,Create Offer,13/10/2018 14:12:38,0 days 0 hours 1 minutes 0 seconds,60.0
960006|404758|627917,Release Offer,Release Offer,13/10/2018 14:13:38,NA,0.0
70289|574074|874352,Assessment Outcome - Successful,Assessment Outcome - Successful,24/1/2020 16:06:21,0 days 0 hours 0 minutes 17 seconds,17.0
70289|574074|874352,Create Offer,Create Offer,24/1/2020 16:06:38,0 days 0 hours 0 minutes 25 seconds,25.0
70289|574074|874352,Assessment Outcome - Successful,Assessment Outcome - Successful,24/1/2020 16:07:03,0 days 0 hours 0 minutes 0 seconds,0.0
70289|574074|874352,Assessment Decision - Qualified,Assessment Decision - Qualified,24/1/2020 16:07:03,0 days 0 hours 0 minutes 59 seconds,59.0
70289|574074|874352,Release Offer,Release Offer,24/1/2020 16:08:02,NA,0.0
358736|430948|667405,Assessment Outcome - Successful,Assessment Outcome - Successful,4/1/2019 11:46:26,0 days 0 hours 0 minutes 7 seconds,7.0
358736|430948|667405,Create Offer,Create Offer,4/1/2019 11:46:33,0 days 0 hours 4 minutes 37 seconds,277.0
358736|430948|667405,Release Offer,Release Offer,4/1/2019 11:51:10,NA,0.0
1069136|427820|662838,Assessment Outcome - Successful,Assessment Outcome - Successful,7/1/2019 12:40:11,0 days 0 hours 0 minutes 6 seconds,6.0
1069136|427820|662838,Create Offer,Create Offer,7/1/2019 12:40:17,0 days 0 hours 1 minutes 5 seconds,65.0
1069136|427820|662838,Release Offer,Release Offer,7/1/2019 12:41:22,NA,0.0
1069136|427063|661781,Assessment Outcome - Successful,Assessment Outcome - Successful,3/1/2019 16:06:31,0 days 0 hours 0 minutes 12 seconds,12.0
1069136|427063|661781,Create Offer,Create Offer,3/1/2019 16:06:43,0 days 0 hours 7 minutes 19 seconds,439.0
1069136|427063|661781,Release Offer,Release Offer,3/1/2019 16:14:02,NA,0.0
1168534|560047|856798,Assessment Outcome - Successful,Assessment Outcome - Successful,10/1/2020 10:38:46,0 days 0 hours 0 minutes 17 seconds,17.0
1168534|560047|856798,Create Offer,Create Offer,10/1/2020 10:39:03,0 days 0 hours 0 minutes 48 seconds,48.0
1168534|560047|856798,Release Offer,Release Offer,10/1/2020 10:39:51,NA,0.0
1022190|362029|564420,Assessment Outcome - Successful,Assessment Outcome - Successful,18/7/2018 10:26:12,0 days 0 hours 0 minutes 8 seconds,8.0
1022190|362029|564420,Create Offer,Create Offer,18/7/2018 10:26:20,0 days 0 hours 4 minutes 6 seconds,246.0
1022190|362029|564420,Release Offer,Release Offer,18/7/2018 10:30:26,NA,0.0
1020768|360055|561313,Assessment Outcome - Successful,Assessment Outcome - Successful,1/8/2018 10:43:19,0 days 0 hours 0 minutes 16 seconds,16.0
1020768|360055|561313,Create Offer,Create Offer,1/8/2018 10:43:35,0 days 0 hours 10 minutes 34 seconds,634.0
1020768|360055|561313,Release Offer,Release Offer,1/8/2018 10:54:09,NA,0.0
1111707|486687|747236,Assessment Outcome - Successful,Assessment Outcome - Successful,1/7/2019 14:16:13,0 days 0 hours 0 minutes 9 seconds,9.0
1111707|486687|747236,Create Offer,Create Offer,1/7/2019 14:16:22,0 days 0 hours 2 minutes 6 seconds,126.0
1111707|486687|747236,Release Offer,Release Offer,1/7/2019 14:18:28,NA,0.0
1153045|537241|822220,Assessment Outcome - Successful,Assessment Outcome - Successful,11/12/2019 10:34:44,0 days 0 hours 0 minutes 16 seconds,16.0
1153045|537241|822220,Create Offer,Create Offer,11/12/2019 10:35:00,0 days 0 hours 2 minutes 20 seconds,140.0
1153045|537241|822220,Release Offer,Release Offer,11/12/2019 10:37:20,NA,0.0
598587|551464|843738,Assessment Outcome - Successful,Assessment Outcome - Successful,17/12/2019 13:05:13,0 days 0 hours 0 minutes 17 seconds,17.0
598587|551464|843738,Create Offer,Create Offer,17/12/2019 13:05:30,0 days 0 hours 1 minutes 0 seconds,60.0
598587|551464|843738,Release Offer,Release Offer,17/12/2019 13:06:30,NA,0.0
1164683|554758|848506,Assessment Outcome - Successful,Assessment Outcome - Successful,7/1/2020 14:52:20,0 days 0 hours 0 minutes 17 seconds,17.0
1164683|554758|848506,Create Offer,Create Offer,7/1/2020 14:52:37,0 days 0 hours 1 minutes 25 seconds,85.0
1164683|554758|848506,Release Offer,Release Offer,7/1/2020 14:54:02,NA,0.0
1064645|452175|694913,Assessment Outcome - Successful,Assessment Outcome - Successful,15/5/2019 16:31:47,0 days 0 hours 0 minutes 15 seconds,15.0
1064645|452175|694913,Create Offer,Create Offer,15/5/2019 16:32:02,0 days 0 hours 0 minutes 51 seconds,51.0
1064645|452175|694913,OC - Created - Other,OC - Created - Evidence of course completion,15/5/2019 16:32:53,0 days 0 hours 2 minutes 37 seconds,157.0
1064645|452175|694913,Release Offer,Release Offer,15/5/2019 16:35:30,NA,0.0
1100720|468316|719285,Assessment Outcome - Successful,Assessment Outcome - Successful,11/5/2019 14:34:08,0 days 0 hours 0 minutes 9 seconds,9.0
1100720|468316|719285,Create Offer,Create Offer,11/5/2019 14:34:17,0 days 0 hours 13 minutes 6 seconds,786.0
1100720|468316|719285,Release Offer,Release Offer,11/5/2019 14:47:23,NA,0.0
1152919|538301|823869,Assessment Outcome - Successful,Assessment Outcome - Successful,2/11/2019 16:21:58,0 days 0 hours 0 minutes 8 seconds,8.0
1152919|538301|823869,Create Offer,Create Offer,2/11/2019 16:22:06,0 days 0 hours 0 minutes 30 seconds,30.0
1152919|538301|823869,OC - Created - Other,OC - Created - English language requirements,2/11/2019 16:22:36,0 days 0 hours 0 minutes 11 seconds,11.0
1152919|538301|823869,Release Offer,Release Offer,2/11/2019 16:22:47,NA,0.0
1052275|402830|625246,Assessment Outcome - Successful,Assessment Outcome - Successful,8/12/2018 15:07:55,0 days 0 hours 0 minutes 15 seconds,15.0
1052275|402830|625246,Create Offer,Create Offer,8/12/2018 15:08:10,0 days 0 hours 5 minutes 33 seconds,333.0
1052275|402830|625246,Release Offer,Release Offer,8/12/2018 15:13:43,NA,0.0
1047787|394823|614448,Assessment Outcome - Successful,Assessment Outcome - Successful,7/12/2018 12:57:35,0 days 0 hours 0 minutes 11 seconds,11.0
1047787|394823|614448,Create Offer,Create Offer,7/12/2018 12:57:46,0 days 0 hours 0 minutes 43 seconds,43.0
1047787|394823|614448,OC - Created - Other,OC - Created - Evidence of course completion,7/12/2018 12:58:29,0 days 0 hours 1 minutes 45 seconds,105.0
1047787|394823|614448,Release Offer,Release Offer,7/12/2018 13:00:14,NA,0.0
23412|429724|665689,Assessment Outcome - Successful,Assessment Outcome - Successful,7/1/2019 12:29:31,0 days 0 hours 0 minutes 8 seconds,8.0
23412|429724|665689,Create Offer,Create Offer,7/1/2019 12:29:39,0 days 0 hours 1 minutes 40 seconds,100.0
23412|429724|665689,Release Offer,Release Offer,7/1/2019 12:31:19,NA,0.0
1096529|464647|713765,Assessment Outcome - Successful,Assessment Outcome - Successful,14/5/2019 16:20:43,0 days 0 hours 0 minutes 15 seconds,15.0
1096529|464647|713765,Create Offer,Create Offer,14/5/2019 16:20:58,0 days 0 hours 0 minutes 22 seconds,22.0
1096529|464647|713765,Release Offer,Release Offer,14/5/2019 16:21:20,NA,0.0
1050700|413432|640900,Assessment Outcome - Successful,Assessment Outcome - Successful,4/2/2019 11:19:38,0 days 0 hours 0 minutes 9 seconds,9.0
1050700|413432|640900,Create Offer,Create Offer,4/2/2019 11:19:47,0 days 0 hours 4 minutes 11 seconds,251.0
1050700|413432|640900,Release Offer,Release Offer,4/2/2019 11:23:58,NA,0.0
1055577|407739|632403,Assessment Outcome - Successful,Assessment Outcome - Successful,14/11/2018 16:51:56,0 days 0 hours 0 minutes 11 seconds,11.0
1055577|407739|632403,Create Offer,Create Offer,14/11/2018 16:52:07,0 days 0 hours 2 minutes 23 seconds,143.0
1055577|407739|632403,Release Offer,Release Offer,14/11/2018 16:54:30,NA,0.0
1087645|451576|799884,Assessment Outcome - Successful,Assessment Outcome - Successful,20/9/2019 11:49:26,0 days 0 hours 0 minutes 15 seconds,15.0
1087645|451576|799884,Create Offer,Create Offer,20/9/2019 11:49:41,0 days 0 hours 1 minutes 4 seconds,64.0
1087645|451576|799884,Release Offer,Release Offer,20/9/2019 11:50:45,NA,0.0
1179677|573921|874117,Assessment Outcome - Successful,Assessment Outcome - Successful,24/1/2020 16:09:25,0 days 0 hours 0 minutes 16 seconds,16.0
1179677|573921|874117,Create Offer,Create Offer,24/1/2020 16:09:41,0 days 0 hours 0 minutes 22 seconds,22.0
1179677|573921|874117,Assessment Decision - Qualified,Assessment Decision - Qualified,24/1/2020 16:10:03,0 days 0 hours 0 minutes 0 seconds,0.0
1179677|573921|874117,Assessment Outcome - Successful,Assessment Outcome - Successful,24/1/2020 16:10:03,0 days 0 hours 1 minutes 53 seconds,113.0
1179677|573921|874117,Release Offer,Release Offer,24/1/2020 16:11:56,NA,0.0
768023|340351|531837,Assessment Outcome - Successful,Assessment Outcome - Successful,9/4/2018 15:57:54,0 days 0 hours 0 minutes 13 seconds,13.0
768023|340351|531837,Create Offer,Create Offer,9/4/2018 15:58:07,0 days 0 hours 0 minutes 40 seconds,40.0
768023|340351|531837,OC - Created - Other,OC - Created - Evidence of course completion,9/4/2018 15:58:47,0 days 0 hours 9 minutes 54 seconds,594.0
768023|340351|531837,Put Assessment On-Hold,Put Assessment On-Hold,9/4/2018 16:08:41,3 days 18 hours 14 minutes 18 seconds,324858.0
768023|340351|531837,Assessment Decision - Qualified,Assessment Decision - Qualified,13/4/2018 10:22:59,0 days 0 hours 0 minutes 21 seconds,21.0
768023|340351|531837,Release Assessment Hold,Release Assessment Hold,13/4/2018 10:23:20,0 days 0 hours 2 minutes 21 seconds,141.0
768023|340351|531837,Release Offer,Release Offer,13/4/2018 10:25:41,NA,0.0
1047400|394393|820632,Assessment Outcome - Successful,Assessment Outcome - Successful,18/10/2019 9:38:05,0 days 0 hours 0 minutes 25 seconds,25.0
1047400|394393|820632,Create Offer,Create Offer,18/10/2019 9:38:30,0 days 0 hours 3 minutes 6 seconds,186.0
1047400|394393|820632,Release Offer,Release Offer,18/10/2019 9:41:36,NA,0.0
920944|470892|722942,Assessment Outcome - Successful,Assessment Outcome - Successful,14/5/2019 16:02:07,0 days 0 hours 0 minutes 10 seconds,10.0
920944|470892|722942,Create Offer,Create Offer,14/5/2019 16:02:17,0 days 0 hours 5 minutes 12 seconds,312.0
920944|470892|722942,Release Offer,Release Offer,14/5/2019 16:07:29,NA,0.0
1037307|381476|594195,Assessment Outcome - Successful,Assessment Outcome - Successful,17/10/2018 13:51:51,0 days 0 hours 0 minutes 21 seconds,21.0
1037307|381476|594195,Create Offer,Create Offer,17/10/2018 13:52:12,0 days 0 hours 13 minutes 12 seconds,792.0
1037307|381476|594195,Release Offer,Release Offer,17/10/2018 14:05:24,NA,0.0
1151455|534894|818655,Assessment Outcome - Successful,Assessment Outcome - Successful,5/11/2019 15:34:18,0 days 0 hours 0 minutes 11 seconds,11.0
1151455|534894|818655,Create Offer,Create Offer,5/11/2019 15:34:29,0 days 0 hours 5 minutes 19 seconds,319.0
1151455|534894|818655,Release Offer,Release Offer,5/11/2019 15:39:48,NA,0.0
1065458|422005|653577,Assessment Outcome - Successful,Assessment Outcome - Successful,3/1/2019 15:36:38,0 days 0 hours 0 minutes 7 seconds,7.0
1065458|422005|653577,Create Offer,Create Offer,3/1/2019 15:36:45,0 days 0 hours 4 minutes 35 seconds,275.0
1065458|422005|653577,Release Offer,Release Offer,3/1/2019 15:41:20,NA,0.0
1026713|376034|586126,Assessment Outcome - Successful,Assessment Outcome - Successful,13/10/2018 10:37:53,0 days 0 hours 0 minutes 17 seconds,17.0
1026713|376034|586126,Create Offer,Create Offer,13/10/2018 10:38:10,0 days 0 hours 7 minutes 1 seconds,421.0
1026713|376034|586126,Release Offer,Release Offer,13/10/2018 10:45:11,NA,0.0
1114833|484364|743307,Assessment Outcome - Successful,Assessment Outcome - Successful,23/5/2019 9:19:27,0 days 0 hours 0 minutes 11 seconds,11.0
1114833|484364|743307,Create Offer,Create Offer,23/5/2019 9:19:38,0 days 0 hours 2 minutes 45 seconds,165.0
1114833|484364|743307,Release Offer,Release Offer,23/5/2019 9:22:23,NA,0.0
1048983|396358|616793,Assessment Outcome - Successful,Assessment Outcome - Successful,8/12/2018 14:23:20,0 days 0 hours 0 minutes 8 seconds,8.0
1048983|396358|616793,Create Offer,Create Offer,8/12/2018 14:23:28,0 days 0 hours 5 minutes 3 seconds,303.0
1048983|396358|616793,OC - Created - Other,OC - Created - Evidence of course completion,8/12/2018 14:28:31,0 days 0 hours 1 minutes 7 seconds,67.0
1048983|396358|616793,Release Offer,Release Offer,8/12/2018 14:29:38,NA,0.0
1077196|438473|677872,Assessment Outcome - Successful,Assessment Outcome - Successful,22/1/2019 15:51:33,0 days 0 hours 0 minutes 14 seconds,14.0
1077196|438473|677872,Create Offer,Create Offer,22/1/2019 15:51:47,0 days 0 hours 1 minutes 22 seconds,82.0
1077196|438473|677872,Release Offer,Release Offer,22/1/2019 15:53:09,NA,0.0
1041367|386546|601958,Assessment Outcome - Successful,Assessment Outcome - Successful,27/9/2018 12:35:12,0 days 0 hours 0 minutes 14 seconds,14.0
1041367|386546|601958,Create Offer,Create Offer,27/9/2018 12:35:26,0 days 0 hours 0 minutes 50 seconds,50.0
1041367|386546|601958,Release Offer,Release Offer,27/9/2018 12:36:16,NA,0.0
1064696|420618|651836,Assessment Outcome - Successful,Assessment Outcome - Successful,8/12/2018 14:05:44,0 days 0 hours 0 minutes 12 seconds,12.0
1064696|420618|651836,Create Offer,Create Offer,8/12/2018 14:05:56,0 days 0 hours 2 minutes 37 seconds,157.0
1064696|420618|651836,Release Offer,Release Offer,8/12/2018 14:08:33,NA,0.0
1036271|380202|592284,Assessment Outcome - Successful,Assessment Outcome - Successful,5/10/2018 10:54:19,0 days 0 hours 0 minutes 21 seconds,21.0
1036271|380202|592284,Create Offer,Create Offer,5/10/2018 10:54:40,0 days 0 hours 9 minutes 42 seconds,582.0
1036271|380202|592284,Release Offer,Release Offer,5/10/2018 11:04:22,NA,0.0
1052997|403664|626470,Assessment Outcome - Successful,Assessment Outcome - Successful,2/11/2018 11:27:27,0 days 0 hours 0 minutes 13 seconds,13.0
1052997|403664|626470,Create Offer,Create Offer,2/11/2018 11:27:40,0 days 0 hours 14 minutes 36 seconds,876.0
1052997|403664|626470,Release Offer,Release Offer,2/11/2018 11:42:16,NA,0.0
1038929|441085|681891,Assessment Outcome - Successful,Assessment Outcome - Successful,16/4/2019 17:36:40,0 days 0 hours 0 minutes 15 seconds,15.0
1038929|441085|681891,Create Offer,Create Offer,16/4/2019 17:36:55,0 days 0 hours 5 minutes 43 seconds,343.0
1038929|441085|681891,Release Offer,Release Offer,16/4/2019 17:42:38,NA,0.0
1055577|472815|725661,Assessment Outcome - Successful,Assessment Outcome - Successful,16/5/2019 14:32:48,0 days 0 hours 0 minutes 12 seconds,12.0
1055577|472815|725661,Create Offer,Create Offer,16/5/2019 14:33:00,0 days 0 hours 2 minutes 12 seconds,132.0
1055577|472815|725661,OC - Created - Other,OC - Created - Evidence of course completion,16/5/2019 14:35:12,0 days 0 hours 0 minutes 16 seconds,16.0
1055577|472815|725661,Release Offer,Release Offer,16/5/2019 14:35:28,NA,0.0
684599|487447|748448,Assessment Outcome - Successful,Assessment Outcome - Successful,13/6/2019 12:50:01,0 days 0 hours 0 minutes 9 seconds,9.0
684599|487447|748448,Create Offer,Create Offer,13/6/2019 12:50:10,0 days 0 hours 0 minutes 15 seconds,15.0
684599|487447|748448,Release Offer,Release Offer,13/6/2019 12:50:25,NA,0.0
1034538|378000|589091,Assessment Outcome - Successful,Assessment Outcome - Successful,16/8/2018 8:57:42,0 days 0 hours 0 minutes 28 seconds,28.0
1034538|378000|589091,Create Offer,Create Offer,16/8/2018 8:58:10,0 days 0 hours 1 minutes 58 seconds,118.0
1034538|378000|589091,Release Offer,Release Offer,16/8/2018 9:00:08,NA,0.0
1066003|422765|654738,Assessment Outcome - Successful,Assessment Outcome - Successful,3/1/2019 13:09:33,0 days 0 hours 0 minutes 7 seconds,7.0
1066003|422765|654738,Create Offer,Create Offer,3/1/2019 13:09:40,0 days 0 hours 1 minutes 39 seconds,99.0
1066003|422765|654738,Release Offer,Release Offer,3/1/2019 13:11:19,NA,0.0
1097690|464562|713616,Assessment Outcome - Successful,Assessment Outcome - Successful,11/5/2019 10:05:05,0 days 0 hours 0 minutes 12 seconds,12.0
1097690|464562|713616,Create Offer,Create Offer,11/5/2019 10:05:17,2 days 2 hours 57 minutes 8 seconds,183428.0
1097690|464562|713616,Release Offer,Release Offer,13/5/2019 13:02:25,NA,0.0
297088|452292|695077,Assessment Outcome - Successful,Assessment Outcome - Successful,10/5/2019 16:08:53,0 days 0 hours 0 minutes 7 seconds,7.0
297088|452292|695077,Create Offer,Create Offer,10/5/2019 16:09:00,0 days 0 hours 1 minutes 54 seconds,114.0
297088|452292|695077,Release Offer,Release Offer,10/5/2019 16:10:54,NA,0.0
1129836|503867|773292,Assessment Outcome - Successful,Assessment Outcome - Successful,19/9/2019 13:35:53,0 days 0 hours 0 minutes 14 seconds,14.0
1129836|503867|773292,Create Offer,Create Offer,19/9/2019 13:36:07,0 days 0 hours 2 minutes 30 seconds,150.0
1129836|503867|773292,Release Offer,Release Offer,19/9/2019 13:38:37,NA,0.0
1001877|336757|526956,Assessment Outcome - Successful,Assessment Outcome - Successful,16/4/2018 15:58:53,0 days 0 hours 0 minutes 7 seconds,7.0
1001877|336757|526956,Create Offer,Create Offer,16/4/2018 15:59:00,0 days 0 hours 1 minutes 35 seconds,95.0
1001877|336757|526956,Release Offer,Release Offer,16/4/2018 16:00:35,NA,0.0
1039192|383793|597709,Assessment Outcome - Successful,Assessment Outcome - Successful,27/9/2018 14:04:20,0 days 0 hours 0 minutes 16 seconds,16.0
1039192|383793|597709,Create Offer,Create Offer,27/9/2018 14:04:36,0 days 0 hours 1 minutes 20 seconds,80.0
1039192|383793|597709,Release Offer,Release Offer,27/9/2018 14:05:56,NA,0.0
1129906|503957|773436,Assessment Outcome - Successful,Assessment Outcome - Successful,15/10/2019 14:30:44,0 days 0 hours 0 minutes 19 seconds,19.0
1129906|503957|773436,Create Offer,Create Offer,15/10/2019 14:31:03,0 days 0 hours 2 minutes 55 seconds,175.0
1129906|503957|773436,Release Offer,Release Offer,15/10/2019 14:33:58,NA,0.0
251229|456754|701419,Assessment Outcome - Successful,Assessment Outcome - Successful,25/2/2019 15:07:10,0 days 0 hours 0 minutes 11 seconds,11.0
251229|456754|701419,Create Offer,Create Offer,25/2/2019 15:07:21,0 days 0 hours 1 minutes 45 seconds,105.0
251229|456754|701419,Release Offer,Release Offer,25/2/2019 15:09:06,NA,0.0
1062725|427270|662103,Assessment Outcome - Successful,Assessment Outcome - Successful,4/1/2019 16:04:38,0 days 0 hours 0 minutes 14 seconds,14.0
1062725|427270|662103,Create Offer,Create Offer,4/1/2019 16:04:52,0 days 0 hours 1 minutes 22 seconds,82.0
1062725|427270|662103,Release Offer,Release Offer,4/1/2019 16:06:14,NA,0.0
1066032|422994|655110,Assessment Outcome - Successful,Assessment Outcome - Successful,4/1/2019 15:51:29,0 days 0 hours 0 minutes 12 seconds,12.0
1066032|422994|655110,Create Offer,Create Offer,4/1/2019 15:51:41,0 days 0 hours 0 minutes 18 seconds,18.0
1066032|422994|655110,Release Offer,Release Offer,4/1/2019 15:51:59,NA,0.0
1022348|362011|564389,Assessment Outcome - Successful,Assessment Outcome - Successful,14/6/2018 15:58:13,0 days 0 hours 0 minutes 16 seconds,16.0
1022348|362011|564389,Create Offer,Create Offer,14/6/2018 15:58:29,0 days 0 hours 8 minutes 32 seconds,512.0
1022348|362011|564389,Release Offer,Release Offer,14/6/2018 16:07:01,NA,0.0
1058761|412208|639044,Assessment Outcome - Successful,Assessment Outcome - Successful,19/12/2018 10:01:55,0 days 0 hours 0 minutes 11 seconds,11.0
1058761|412208|639044,Create Offer,Create Offer,19/12/2018 10:02:06,0 days 0 hours 0 minutes 51 seconds,51.0
1058761|412208|639044,Release Offer,Release Offer,19/12/2018 10:02:57,NA,0.0
857028|429692|665643,Assessment Outcome - Successful,Assessment Outcome - Successful,21/1/2019 14:48:39,0 days 0 hours 1 minutes 36 seconds,96.0
857028|429692|665643,Create Offer,Create Offer,21/1/2019 14:50:15,0 days 0 hours 4 minutes 24 seconds,264.0
857028|429692|665643,Release Offer,Release Offer,21/1/2019 14:54:39,NA,0.0
1058913|480018|736259,Assessment Outcome - Successful,Assessment Outcome - Successful,28/5/2019 10:02:49,0 days 0 hours 0 minutes 16 seconds,16.0
1058913|480018|736259,Create Offer,Create Offer,28/5/2019 10:03:05,0 days 0 hours 4 minutes 2 seconds,242.0
1058913|480018|736259,Release Offer,Release Offer,28/5/2019 10:07:07,NA,0.0
1007394|346044|540306,Assessment Outcome - Successful,Assessment Outcome - Successful,20/4/2018 10:43:14,0 days 0 hours 0 minutes 12 seconds,12.0
1007394|346044|540306,Create Offer,Create Offer,20/4/2018 10:43:26,0 days 0 hours 0 minutes 29 seconds,29.0
1007394|346044|540306,Release Offer,Release Offer,20/4/2018 10:43:55,NA,0.0
1128028|512080|785569,Assessment Outcome - Successful,Assessment Outcome - Successful,15/10/2019 11:16:37,0 days 0 hours 0 minutes 22 seconds,22.0
1128028|512080|785569,Create Offer,Create Offer,15/10/2019 11:16:59,0 days 0 hours 4 minutes 0 seconds,240.0
1128028|512080|785569,OC - Created - Other,OC - Created - Evidence of course completion,15/10/2019 11:20:59,0 days 0 hours 0 minutes 24 seconds,24.0
1128028|512080|785569,Release Offer,Release Offer,15/10/2019 11:21:23,NA,0.0
1068969|426854|661435,Assessment Outcome - Successful,Assessment Outcome - Successful,17/4/2019 10:35:50,0 days 0 hours 0 minutes 15 seconds,15.0
1068969|426854|661435,Create Offer,Create Offer,17/4/2019 10:36:05,0 days 0 hours 4 minutes 4 seconds,244.0
1068969|426854|661435,Release Offer,Release Offer,17/4/2019 10:40:09,NA,0.0
1113797|486233|746517,Assessment Outcome - Successful,Assessment Outcome - Successful,3/7/2019 15:57:33,0 days 0 hours 0 minutes 8 seconds,8.0
1113797|486233|746517,Create Offer,Create Offer,3/7/2019 15:57:41,0 days 19 hours 5 minutes 55 seconds,68755.0
1113797|486233|746517,Release Offer,Release Offer,4/7/2019 11:03:36,NA,0.0
1067449|424909|657898,Assessment Outcome - Successful,Assessment Outcome - Successful,18/12/2018 11:34:06,0 days 0 hours 0 minutes 45 seconds,45.0
1067449|424909|657898,Create Offer,Create Offer,18/12/2018 11:34:51,0 days 0 hours 1 minutes 16 seconds,76.0
1067449|424909|657898,Release Offer,Release Offer,18/12/2018 11:36:07,NA,0.0
888249|495555|760991,Assessment Outcome - Successful,Assessment Outcome - Successful,20/9/2019 9:50:59,0 days 0 hours 0 minutes 12 seconds,12.0
888249|495555|760991,Create Offer,Create Offer,20/9/2019 9:51:11,0 days 0 hours 2 minutes 27 seconds,147.0
888249|495555|760991,Release Offer,Release Offer,20/9/2019 9:53:38,NA,0.0
1001829|336678|526826,Assessment Outcome - Successful,Assessment Outcome - Successful,15/3/2018 14:01:42,0 days 0 hours 0 minutes 17 seconds,17.0
1001829|336678|526826,Create Offer,Create Offer,15/3/2018 14:01:59,0 days 0 hours 1 minutes 11 seconds,71.0
1001829|336678|526826,Release Offer,Release Offer,15/3/2018 14:03:10,NA,0.0
1040164|385001|599630,Assessment Outcome - Successful,Assessment Outcome - Successful,9/10/2018 11:56:01,0 days 0 hours 0 minutes 14 seconds,14.0
1040164|385001|599630,Create Offer,Create Offer,9/10/2018 11:56:15,0 days 0 hours 10 minutes 22 seconds,622.0
1040164|385001|599630,Release Offer,Release Offer,9/10/2018 12:06:37,NA,0.0
935479|535381|819449,Assessment Outcome - Successful,Assessment Outcome - Successful,2/11/2019 14:40:52,0 days 0 hours 0 minutes 7 seconds,7.0
935479|535381|819449,Create Offer,Create Offer,2/11/2019 14:40:59,0 days 0 hours 0 minutes 7 seconds,7.0
935479|535381|819449,Release Offer,Release Offer,2/11/2019 14:41:06,NA,0.0
757454|486380|746741,Assessment Outcome - Successful,Assessment Outcome - Successful,28/5/2019 16:29:55,0 days 0 hours 0 minutes 8 seconds,8.0
757454|486380|746741,Create Offer,Create Offer,28/5/2019 16:30:03,0 days 0 hours 1 minutes 55 seconds,115.0
757454|486380|746741,Release Offer,Release Offer,28/5/2019 16:31:58,NA,0.0
982703|311743|766648,Assessment Outcome - Successful,Assessment Outcome - Successful,15/7/2019 16:09:59,0 days 0 hours 0 minutes 7 seconds,7.0
982703|311743|766648,Create Offer,Create Offer,15/7/2019 16:10:06,0 days 0 hours 3 minutes 43 seconds,223.0
982703|311743|766648,Release Offer,Release Offer,15/7/2019 16:13:49,NA,0.0
1009714|346606|541152,Assessment Outcome - Successful,Assessment Outcome - Successful,15/3/2018 17:40:06,0 days 0 hours 0 minutes 10 seconds,10.0
1009714|346606|541152,Create Offer,Create Offer,15/3/2018 17:40:16,0 days 0 hours 1 minutes 5 seconds,65.0
1009714|346606|541152,Release Offer,Release Offer,15/3/2018 17:41:21,NA,0.0
1016250|354448|552701,Assessment Outcome - Successful,Assessment Outcome - Successful,7/6/2018 15:42:56,0 days 0 hours 0 minutes 17 seconds,17.0
1016250|354448|552701,Create Offer,Create Offer,7/6/2018 15:43:13,0 days 0 hours 2 minutes 21 seconds,141.0
1016250|354448|552701,Release Offer,Release Offer,7/6/2018 15:45:34,NA,0.0
1165286|555834|850078,Assessment Outcome - Successful,Assessment Outcome - Successful,19/12/2019 10:55:37,0 days 0 hours 0 minutes 15 seconds,15.0
1165286|555834|850078,Create Offer,Create Offer,19/12/2019 10:55:52,0 days 0 hours 2 minutes 29 seconds,149.0
1165286|555834|850078,Release Offer,Release Offer,19/12/2019 10:58:21,NA,0.0
1094186|460098|706686,Assessment Outcome - Successful,Assessment Outcome - Successful,11/5/2019 11:19:38,0 days 0 hours 0 minutes 8 seconds,8.0
1094186|460098|706686,Create Offer,Create Offer,11/5/2019 11:19:46,0 days 0 hours 0 minutes 47 seconds,47.0
1094186|460098|706686,Release Offer,Release Offer,11/5/2019 11:20:33,NA,0.0
846123|104356|320614,Assessment Outcome - Successful,Assessment Outcome - Successful,4/1/2017 13:19:40,0 days 0 hours 0 minutes 8 seconds,8.0
846123|104356|320614,Create Offer,Create Offer,4/1/2017 13:19:48,0 days 0 hours 0 minutes 42 seconds,42.0
846123|104356|320614,Release Offer,Release Offer,4/1/2017 13:20:30,NA,0.0
1033537|376798|587229,Assessment Outcome - Successful,Assessment Outcome - Successful,30/7/2018 11:26:32,0 days 0 hours 0 minutes 19 seconds,19.0
1033537|376798|587229,Create Offer,Create Offer,30/7/2018 11:26:51,0 days 0 hours 2 minutes 36 seconds,156.0
1033537|376798|587229,Release Offer,Release Offer,30/7/2018 11:29:27,NA,0.0
1147024|527784|808331,Assessment Outcome - Successful,Assessment Outcome - Successful,1/11/2019 15:44:12,0 days 0 hours 0 minutes 10 seconds,10.0
1147024|527784|808331,Create Offer,Create Offer,1/11/2019 15:44:22,0 days 0 hours 0 minutes 16 seconds,16.0
1147024|527784|808331,OC - Created - Other,OC - Created - Evidence of course completion,1/11/2019 15:44:38,0 days 0 hours 0 minutes 19 seconds,19.0
1147024|527784|808331,Release Offer,Release Offer,1/11/2019 15:44:57,NA,0.0
1021374|367597|573577,Assessment Outcome - Successful,Assessment Outcome - Successful,12/7/2018 10:07:14,0 days 0 hours 0 minutes 16 seconds,16.0
1021374|367597|573577,Create Offer,Create Offer,12/7/2018 10:07:30,0 days 0 hours 3 minutes 22 seconds,202.0
1021374|367597|573577,Release Offer,Release Offer,12/7/2018 10:10:52,NA,0.0
1033710|376995|587501,Assessment Outcome - Successful,Assessment Outcome - Successful,1/8/2018 10:15:48,0 days 0 hours 0 minutes 9 seconds,9.0
1033710|376995|587501,Create Offer,Create Offer,1/8/2018 10:15:57,0 days 0 hours 1 minutes 22 seconds,82.0
1033710|376995|587501,Release Offer,Release Offer,1/8/2018 10:17:19,NA,0.0
984370|456211|700623,Assessment Outcome - Successful,Assessment Outcome - Successful,15/3/2019 10:17:50,0 days 0 hours 0 minutes 14 seconds,14.0
984370|456211|700623,Create Offer,Create Offer,15/3/2019 10:18:04,0 days 0 hours 0 minutes 53 seconds,53.0
984370|456211|700623,Release Offer,Release Offer,15/3/2019 10:18:57,NA,0.0
1064461|420298|651352,Assessment Outcome - Successful,Assessment Outcome - Successful,3/1/2019 12:27:39,0 days 0 hours 0 minutes 7 seconds,7.0
1064461|420298|651352,Create Offer,Create Offer,3/1/2019 12:27:46,0 days 0 hours 1 minutes 39 seconds,99.0
1064461|420298|651352,Release Offer,Release Offer,3/1/2019 12:29:25,NA,0.0
1155275|540624|827296,Assessment Outcome - Successful,Assessment Outcome - Successful,2/12/2019 16:26:16,0 days 0 hours 0 minutes 16 seconds,16.0
1155275|540624|827296,Create Offer,Create Offer,2/12/2019 16:26:32,1 days 18 hours 3 minutes 8 seconds,151388.0
1155275|540624|827296,Release Offer,Release Offer,4/12/2019 10:29:40,NA,0.0
1134649|510128|782697,Assessment Outcome - Successful,Assessment Outcome - Successful,15/10/2019 14:36:48,0 days 0 hours 0 minutes 16 seconds,16.0
1134649|510128|782697,Create Offer,Create Offer,15/10/2019 14:37:04,0 days 0 hours 10 minutes 8 seconds,608.0
1134649|510128|782697,OC - Created - further information,OC - Created - Further information (1),15/10/2019 14:47:12,0 days 1 hours 42 minutes 38 seconds,6158.0
1134649|510128|782697,Release Offer,Release Offer,15/10/2019 16:29:50,NA,0.0
660857|478710|734366,Assessment Outcome - Successful,Assessment Outcome - Successful,17/5/2019 11:50:43,0 days 0 hours 0 minutes 13 seconds,13.0
660857|478710|734366,Create Offer,Create Offer,17/5/2019 11:50:56,0 days 0 hours 1 minutes 26 seconds,86.0
660857|478710|734366,Assessment Outcome - Higher Preference Successful,Assessment Outcome - Higher Preference Successful,17/5/2019 11:52:22,0 days 0 hours 0 minutes 8 seconds,8.0
660857|478710|734366,Unsuccessful,Unsuccessful,17/5/2019 11:52:30,NA,0.0
1061466|437555|676362,Assessment Outcome - Successful,Assessment Outcome - Successful,10/1/2019 14:11:45,0 days 0 hours 0 minutes 6 seconds,6.0
1061466|437555|676362,Create Offer,Create Offer,10/1/2019 14:11:51,0 days 0 hours 0 minutes 35 seconds,35.0
1061466|437555|676362,Release Offer,Release Offer,10/1/2019 14:12:26,NA,0.0
1045654|392016|610294,Assessment Outcome - Successful,Assessment Outcome - Successful,20/11/2018 16:24:45,0 days 0 hours 0 minutes 14 seconds,14.0
1045654|392016|610294,Create Offer,Create Offer,20/11/2018 16:24:59,0 days 0 hours 3 minutes 47 seconds,227.0
1045654|392016|610294,Release Offer,Release Offer,20/11/2018 16:28:46,NA,0.0
1105117|473362|726430,Assessment Outcome - Successful,Assessment Outcome - Successful,28/5/2019 13:35:12,0 days 0 hours 0 minutes 9 seconds,9.0
1105117|473362|726430,Create Offer,Create Offer,28/5/2019 13:35:21,0 days 0 hours 1 minutes 52 seconds,112.0
1105117|473362|726430,Release Offer,Release Offer,28/5/2019 13:37:13,NA,0.0
1035185|383696|597570,Assessment Outcome - Successful,Assessment Outcome - Successful,12/10/2018 12:06:28,0 days 0 hours 0 minutes 13 seconds,13.0
1035185|383696|597570,Create Offer,Create Offer,12/10/2018 12:06:41,0 days 0 hours 0 minutes 26 seconds,26.0
1035185|383696|597570,Release Offer,Release Offer,12/10/2018 12:07:07,NA,0.0
960824|535900|820254,Assessment Outcome - Successful,Assessment Outcome - Successful,5/11/2019 15:18:40,0 days 0 hours 0 minutes 19 seconds,19.0
960824|535900|820254,Create Offer,Create Offer,5/11/2019 15:18:59,0 days 0 hours 4 minutes 14 seconds,254.0
960824|535900|820254,Release Offer,Release Offer,5/11/2019 15:23:13,NA,0.0
1013506|351321|548117,Assessment Outcome - Successful,Assessment Outcome - Successful,18/7/2018 9:20:20,0 days 0 hours 0 minutes 10 seconds,10.0
1013506|351321|548117,Create Offer,Create Offer,18/7/2018 9:20:30,0 days 0 hours 3 minutes 28 seconds,208.0
1013506|351321|548117,Release Offer,Release Offer,18/7/2018 9:23:58,NA,0.0
1034455|377916|588962,Assessment Outcome - Successful,Assessment Outcome - Successful,6/9/2018 10:41:00,0 days 0 hours 0 minutes 12 seconds,12.0
1034455|377916|588962,Create Offer,Create Offer,6/9/2018 10:41:12,0 days 0 hours 0 minutes 32 seconds,32.0
1034455|377916|588962,Release Offer,Release Offer,6/9/2018 10:41:44,NA,0.0
1032525|388168|604452,Assessment Outcome - Successful,Assessment Outcome - Successful,1/11/2018 11:10:07,0 days 0 hours 0 minutes 13 seconds,13.0
1032525|388168|604452,Create Offer,Create Offer,1/11/2018 11:10:20,0 days 0 hours 1 minutes 51 seconds,111.0
1032525|388168|604452,Release Offer,Release Offer,1/11/2018 11:12:11,NA,0.0
724576|379419|591120,Assessment Outcome - Successful,Assessment Outcome - Successful,6/9/2018 15:34:10,0 days 0 hours 0 minutes 11 seconds,11.0
724576|379419|591120,Create Offer,Create Offer,6/9/2018 15:34:21,0 days 0 hours 1 minutes 53 seconds,113.0
724576|379419|591120,Release Offer,Release Offer,6/9/2018 15:36:14,NA,0.0
1111137|480052|736308,Assessment Outcome - Successful,Assessment Outcome - Successful,28/5/2019 13:21:06,0 days 0 hours 0 minutes 9 seconds,9.0
1111137|480052|736308,Create Offer,Create Offer,28/5/2019 13:21:15,0 days 0 hours 4 minutes 33 seconds,273.0
1111137|480052|736308,Release Offer,Release Offer,28/5/2019 13:25:48,NA,0.0
1169670|561512|858729,Assessment Outcome - Successful,Assessment Outcome - Successful,30/1/2020 16:18:55,0 days 0 hours 0 minutes 17 seconds,17.0
1169670|561512|858729,Create Offer,Create Offer,30/1/2020 16:19:12,0 days 0 hours 2 minutes 22 seconds,142.0
1169670|561512|858729,Release Offer,Release Offer,30/1/2020 16:21:34,NA,0.0
1029502|371827|579839,Assessment Outcome - Successful,Assessment Outcome - Successful,8/8/2018 13:00:30,0 days 0 hours 0 minutes 13 seconds,13.0
1029502|371827|579839,Create Offer,Create Offer,8/8/2018 13:00:43,0 days 0 hours 2 minutes 14 seconds,134.0
1029502|371827|579839,Release Offer,Release Offer,8/8/2018 13:02:57,NA,0.0
1069286|427326|662193,Assessment Outcome - Successful,Assessment Outcome - Successful,7/1/2019 15:36:53,0 days 0 hours 0 minutes 12 seconds,12.0
1069286|427326|662193,Create Offer,Create Offer,7/1/2019 15:37:05,0 days 0 hours 26 minutes 50 seconds,1610.0
1069286|427326|662193,OC - Created - Other,OC - Created - Evidence of course completion,7/1/2019 16:03:55,0 days 0 hours 5 minutes 39 seconds,339.0
1069286|427326|662193,Release Offer,Release Offer,7/1/2019 16:09:34,NA,0.0
1173669|562658|860248,Assessment Outcome - Successful,Assessment Outcome - Successful,13/1/2020 11:22:51,0 days 0 hours 0 minutes 15 seconds,15.0
1173669|562658|860248,Create Offer,Create Offer,13/1/2020 11:23:06,0 days 0 hours 1 minutes 34 seconds,94.0
1173669|562658|860248,Release Offer,Release Offer,13/1/2020 11:24:40,NA,0.0
382657|562314|859879,Assessment Outcome - Successful,Assessment Outcome - Successful,21/1/2020 10:55:52,0 days 0 hours 0 minutes 21 seconds,21.0
382657|562314|859879,Create Offer,Create Offer,21/1/2020 10:56:13,0 days 0 hours 2 minutes 4 seconds,124.0
382657|562314|859879,Release Offer,Release Offer,21/1/2020 10:58:17,NA,0.0
920944|436181|674549,Assessment Outcome - Successful,Assessment Outcome - Successful,8/1/2019 10:06:50,0 days 0 hours 0 minutes 8 seconds,8.0
920944|436181|674549,Create Offer,Create Offer,8/1/2019 10:06:58,0 days 0 hours 0 minutes 14 seconds,14.0
920944|436181|674549,Release Offer,Release Offer,8/1/2019 10:07:12,NA,0.0
1175308|568365|866548,Assessment Outcome - Successful,Assessment Outcome - Successful,13/1/2020 11:33:18,0 days 0 hours 0 minutes 16 seconds,16.0
1175308|568365|866548,Create Offer,Create Offer,13/1/2020 11:33:34,0 days 0 hours 2 minutes 41 seconds,161.0
1175308|568365|866548,Release Offer,Release Offer,13/1/2020 11:36:15,NA,0.0
1047760|394740|698184,Assessment Outcome - Successful,Assessment Outcome - Successful,31/1/2019 10:30:55,0 days 0 hours 0 minutes 9 seconds,9.0
1047760|394740|698184,Create Offer,Create Offer,31/1/2019 10:31:04,0 days 0 hours 0 minutes 56 seconds,56.0
1047760|394740|698184,OC - Created - Other,OC - Created - Evidence of course completion,31/1/2019 10:32:00,0 days 0 hours 0 minutes 54 seconds,54.0
1047760|394740|698184,Release Offer,Release Offer,31/1/2019 10:32:54,NA,0.0
669915|463836|712494,Assessment Outcome - Successful,Assessment Outcome - Successful,10/4/2019 17:11:00,0 days 0 hours 0 minutes 14 seconds,14.0
669915|463836|712494,Create Offer,Create Offer,10/4/2019 17:11:14,0 days 0 hours 1 minutes 47 seconds,107.0
669915|463836|712494,Release Offer,Release Offer,10/4/2019 17:13:01,NA,0.0
1100739|468344|719324,Assessment Outcome - Successful,Assessment Outcome - Successful,21/5/2019 9:54:57,0 days 0 hours 0 minutes 17 seconds,17.0
1100739|468344|719324,Create Offer,Create Offer,21/5/2019 9:55:14,0 days 0 hours 4 minutes 50 seconds,290.0
1100739|468344|719324,Release Offer,Release Offer,21/5/2019 10:00:04,NA,0.0
1036655|390141|607482,Assessment Outcome - Successful,Assessment Outcome - Successful,23/10/2018 11:57:26,0 days 0 hours 0 minutes 16 seconds,16.0
1036655|390141|607482,Create Offer,Create Offer,23/10/2018 11:57:42,0 days 0 hours 0 minutes 22 seconds,22.0
1036655|390141|607482,Release Offer,Release Offer,23/10/2018 11:58:04,NA,0.0
1124629|496515|762552,Assessment Outcome - Successful,Assessment Outcome - Successful,11/9/2019 13:41:02,0 days 0 hours 0 minutes 14 seconds,14.0
1124629|496515|762552,Create Offer,Create Offer,11/9/2019 13:41:16,0 days 0 hours 1 minutes 36 seconds,96.0
1124629|496515|762552,Release Offer,Release Offer,11/9/2019 13:42:52,NA,0.0
1067527|425016|658044,Assessment Outcome - Successful,Assessment Outcome - Successful,5/2/2019 14:24:51,0 days 0 hours 0 minutes 7 seconds,7.0
1067527|425016|658044,Create Offer,Create Offer,5/2/2019 14:24:58,0 days 0 hours 9 minutes 54 seconds,594.0
1067527|425016|658044,OC - Created - Other,OC - Created - Evidence of course completion,5/2/2019 14:34:52,0 days 0 hours 0 minutes 27 seconds,27.0
1067527|425016|658044,Release Offer,Release Offer,5/2/2019 14:35:19,NA,0.0
1000727|431447|668147,Assessment Outcome - Successful,Assessment Outcome - Successful,7/1/2019 15:05:02,0 days 0 hours 0 minutes 14 seconds,14.0
1000727|431447|668147,Create Offer,Create Offer,7/1/2019 15:05:16,0 days 0 hours 2 minutes 18 seconds,138.0
1000727|431447|668147,OC - Created - Other,OC - Created - Evidence of course completion,7/1/2019 15:07:34,0 days 0 hours 2 minutes 38 seconds,158.0
1000727|431447|668147,Release Offer,Release Offer,7/1/2019 15:10:12,NA,0.0
1063956|419530|650202,Assessment Outcome - Successful,Assessment Outcome - Successful,14/12/2018 16:42:26,0 days 0 hours 0 minutes 14 seconds,14.0
1063956|419530|650202,Create Offer,Create Offer,14/12/2018 16:42:40,0 days 0 hours 0 minutes 16 seconds,16.0
1063956|419530|650202,Release Offer,Release Offer,14/12/2018 16:42:56,NA,0.0
1158782|546106|836113,Assessment Outcome - Successful,Assessment Outcome - Successful,3/12/2019 10:25:42,0 days 0 hours 0 minutes 16 seconds,16.0
1158782|546106|836113,Create Offer,Create Offer,3/12/2019 10:25:58,0 days 0 hours 6 minutes 37 seconds,397.0
1158782|546106|836113,Release Offer,Release Offer,3/12/2019 10:32:35,NA,0.0
84841|418611|648829,Assessment Outcome - Successful,Assessment Outcome - Successful,14/12/2018 16:49:24,0 days 0 hours 0 minutes 22 seconds,22.0
84841|418611|648829,Create Offer,Create Offer,14/12/2018 16:49:46,0 days 0 hours 0 minutes 26 seconds,26.0
84841|418611|648829,Release Offer,Release Offer,14/12/2018 16:50:12,NA,0.0
1065110|423912|656407,Assessment Outcome - Successful,Assessment Outcome - Successful,11/12/2018 14:49:17,0 days 0 hours 0 minutes 59 seconds,59.0
1065110|423912|656407,Create Offer,Create Offer,11/12/2018 14:50:16,0 days 0 hours 4 minutes 58 seconds,298.0
1065110|423912|656407,Release Offer,Release Offer,11/12/2018 14:55:14,NA,0.0
1098501|465601|715261,Assessment Outcome - Successful,Assessment Outcome - Successful,11/5/2019 10:44:50,0 days 0 hours 0 minutes 13 seconds,13.0
1098501|465601|715261,Create Offer,Create Offer,11/5/2019 10:45:03,0 days 0 hours 2 minutes 27 seconds,147.0
1098501|465601|715261,Release Offer,Release Offer,11/5/2019 10:47:30,NA,0.0
1091479|456543|701091,Assessment Outcome - Successful,Assessment Outcome - Successful,11/5/2019 13:32:51,0 days 0 hours 0 minutes 9 seconds,9.0
1091479|456543|701091,Create Offer,Create Offer,11/5/2019 13:33:00,0 days 0 hours 3 minutes 1 seconds,181.0
1091479|456543|701091,Release Offer,Release Offer,11/5/2019 13:36:01,NA,0.0
758639|264769|421918,Assessment Outcome - Successful,Assessment Outcome - Successful,13/11/2017 15:35:31,0 days 0 hours 0 minutes 13 seconds,13.0
758639|264769|421918,Create Offer,Create Offer,13/11/2017 15:35:44,0 days 0 hours 1 minutes 55 seconds,115.0
758639|264769|421918,Release Offer,Release Offer,13/11/2017 15:37:39,NA,0.0
961605|375543|585341,Assessment Outcome - Successful,Assessment Outcome - Successful,10/8/2018 16:11:45,0 days 0 hours 0 minutes 12 seconds,12.0
961605|375543|585341,Create Offer,Create Offer,10/8/2018 16:11:57,0 days 0 hours 4 minutes 28 seconds,268.0
961605|375543|585341,Release Offer,Release Offer,10/8/2018 16:16:25,NA,0.0
1053575|405068|628340,Assessment Outcome - Successful,Assessment Outcome - Successful,2/1/2019 15:45:58,0 days 0 hours 0 minutes 13 seconds,13.0
1053575|405068|628340,Create Offer,Create Offer,2/1/2019 15:46:11,0 days 0 hours 5 minutes 4 seconds,304.0
1053575|405068|628340,Release Offer,Release Offer,2/1/2019 15:51:15,NA,0.0
1041567|391082|608864,Assessment Outcome - Successful,Assessment Outcome - Successful,9/10/2018 13:25:06,0 days 0 hours 0 minutes 14 seconds,14.0
1041567|391082|608864,Create Offer,Create Offer,9/10/2018 13:25:20,0 days 0 hours 6 minutes 18 seconds,378.0
1041567|391082|608864,Release Offer,Release Offer,9/10/2018 13:31:38,NA,0.0
1078032|441013|681790,Assessment Outcome - Successful,Assessment Outcome - Successful,5/2/2019 13:48:01,0 days 0 hours 0 minutes 9 seconds,9.0
1078032|441013|681790,Create Offer,Create Offer,5/2/2019 13:48:10,0 days 0 hours 2 minutes 14 seconds,134.0
1078032|441013|681790,Release Offer,Release Offer,5/2/2019 13:50:24,NA,0.0
1110691|479481|735467,Assessment Outcome - Successful,Assessment Outcome - Successful,14/5/2019 16:58:46,0 days 0 hours 0 minutes 13 seconds,13.0
1110691|479481|735467,Create Offer,Create Offer,14/5/2019 16:58:59,0 days 0 hours 2 minutes 1 seconds,121.0
1110691|479481|735467,Release Offer,Release Offer,14/5/2019 17:01:00,NA,0.0
873791|484952|744345,Assessment Outcome - Successful,Assessment Outcome - Successful,23/5/2019 12:27:45,0 days 0 hours 0 minutes 6 seconds,6.0
873791|484952|744345,Create Offer,Create Offer,23/5/2019 12:27:51,0 days 0 hours 3 minutes 28 seconds,208.0
873791|484952|744345,Release Offer,Release Offer,23/5/2019 12:31:19,NA,0.0
1156691|542991|830966,Assessment Outcome - Successful,Assessment Outcome - Successful,21/11/2019 12:50:26,0 days 0 hours 0 minutes 20 seconds,20.0
1156691|542991|830966,Create Offer,Create Offer,21/11/2019 12:50:46,0 days 0 hours 1 minutes 33 seconds,93.0
1156691|542991|830966,Release Offer,Release Offer,21/11/2019 12:52:19,NA,0.0
1060549|417674|647399,Assessment Outcome - Successful,Assessment Outcome - Successful,8/12/2018 12:44:10,0 days 0 hours 0 minutes 12 seconds,12.0
1060549|417674|647399,Create Offer,Create Offer,8/12/2018 12:44:22,0 days 0 hours 2 minutes 18 seconds,138.0
1060549|417674|647399,Release Offer,Release Offer,8/12/2018 12:46:40,NA,0.0
389899|547897|838666,Assessment Outcome - Successful,Assessment Outcome - Successful,18/12/2019 9:19:30,0 days 0 hours 0 minutes 11 seconds,11.0
389899|547897|838666,Create Offer,Create Offer,18/12/2019 9:19:41,0 days 0 hours 7 minutes 51 seconds,471.0
389899|547897|838666,Release Offer,Release Offer,18/12/2019 9:27:32,NA,0.0
680712|407968|632745,Assessment Outcome - Successful,Assessment Outcome - Successful,14/11/2018 16:56:51,0 days 0 hours 0 minutes 10 seconds,10.0
680712|407968|632745,Create Offer,Create Offer,14/11/2018 16:57:01,0 days 0 hours 1 minutes 10 seconds,70.0
680712|407968|632745,Release Offer,Release Offer,14/11/2018 16:58:11,NA,0.0
1108597|477482|732532,Assessment Outcome - Successful,Assessment Outcome - Successful,23/5/2019 10:47:03,0 days 0 hours 1 minutes 14 seconds,74.0
1108597|477482|732532,Create Offer,Create Offer,23/5/2019 10:48:17,0 days 0 hours 0 minutes 7 seconds,7.0
1108597|477482|732532,Assessment Outcome - Successful,Assessment Outcome - Successful,23/5/2019 10:48:24,0 days 0 hours 3 minutes 44 seconds,224.0
1108597|477482|732532,Release Offer,Release Offer,23/5/2019 10:52:08,NA,0.0
1072159|431460|668181,Assessment Outcome - Successful,Assessment Outcome - Successful,20/3/2019 14:13:30,0 days 0 hours 0 minutes 28 seconds,28.0
1072159|431460|668181,Create Offer,Create Offer,20/3/2019 14:13:58,0 days 0 hours 2 minutes 9 seconds,129.0
1072159|431460|668181,Release Offer,Release Offer,20/3/2019 14:16:07,NA,0.0
374924|439273|679201,Assessment Outcome - Successful,Assessment Outcome - Successful,24/5/2019 14:51:05,0 days 0 hours 0 minutes 9 seconds,9.0
374924|439273|679201,Create Offer,Create Offer,24/5/2019 14:51:14,0 days 0 hours 1 minutes 13 seconds,73.0
374924|439273|679201,Release Offer,Release Offer,24/5/2019 14:52:27,NA,0.0
1028321|369941|577244,Assessment Outcome - Successful,Assessment Outcome - Successful,28/6/2018 16:32:51,0 days 0 hours 0 minutes 11 seconds,11.0
1028321|369941|577244,Create Offer,Create Offer,28/6/2018 16:33:02,0 days 0 hours 2 minutes 37 seconds,157.0
1028321|369941|577244,Release Offer,Release Offer,28/6/2018 16:35:39,NA,0.0
1089995|480573|737193,Assessment Outcome - Successful,Assessment Outcome - Successful,11/5/2019 16:44:51,0 days 0 hours 0 minutes 8 seconds,8.0
1089995|480573|737193,Create Offer,Create Offer,11/5/2019 16:44:59,0 days 0 hours 1 minutes 44 seconds,104.0
1089995|480573|737193,Release Offer,Release Offer,11/5/2019 16:46:43,NA,0.0
1055583|407992|632784,Assessment Outcome - Successful,Assessment Outcome - Successful,25/3/2019 11:54:25,0 days 0 hours 0 minutes 15 seconds,15.0
1055583|407992|632784,Create Offer,Create Offer,25/3/2019 11:54:40,0 days 0 hours 4 minutes 30 seconds,270.0
1055583|407992|632784,Release Offer,Release Offer,25/3/2019 11:59:10,NA,0.0
936837|426251|660503,Assessment Outcome - Successful,Assessment Outcome - Successful,4/1/2019 13:51:13,0 days 0 hours 0 minutes 7 seconds,7.0
936837|426251|660503,Create Offer,Create Offer,4/1/2019 13:51:20,0 days 0 hours 2 minutes 5 seconds,125.0
936837|426251|660503,Release Offer,Release Offer,4/1/2019 13:53:25,NA,0.0
1069538|432183|669267,Assessment Outcome - Successful,Assessment Outcome - Successful,27/2/2019 10:22:28,0 days 0 hours 0 minutes 13 seconds,13.0
1069538|432183|669267,Create Offer,Create Offer,27/2/2019 10:22:41,0 days 0 hours 5 minutes 30 seconds,330.0
1069538|432183|669267,Release Offer,Release Offer,27/2/2019 10:28:11,NA,0.0
1125242|497408|763842,Assessment Outcome - Successful,Assessment Outcome - Successful,28/10/2019 13:21:38,0 days 0 hours 2 minutes 12 seconds,132.0
1125242|497408|763842,OC - Created - Other,OC - Created - Evidence of course completion,28/10/2019 13:23:50,0 days 0 hours 2 minutes 13 seconds,133.0
1125242|497408|763842,Release Offer,Release Offer,28/10/2019 13:26:03,NA,0.0
835493|381885|594816,Assessment Outcome - Successful,Assessment Outcome - Successful,23/8/2018 15:42:55,0 days 0 hours 0 minutes 10 seconds,10.0
835493|381885|594816,Create Offer,Create Offer,23/8/2018 15:43:05,0 days 0 hours 3 minutes 56 seconds,236.0
835493|381885|594816,OC - Created - Other,OC - Created - Evidence of course completion,23/8/2018 15:47:01,0 days 0 hours 3 minutes 18 seconds,198.0
835493|381885|594816,Release Offer,Release Offer,23/8/2018 15:50:19,NA,0.0
1108816|477683|732826,Assessment Outcome - Successful,Assessment Outcome - Successful,28/5/2019 17:09:04,0 days 0 hours 0 minutes 14 seconds,14.0
1108816|477683|732826,Create Offer,Create Offer,28/5/2019 17:09:18,0 days 0 hours 1 minutes 17 seconds,77.0
1108816|477683|732826,Release Offer,Release Offer,28/5/2019 17:10:35,NA,0.0
1019820|360156|561476,Assessment Outcome - Successful,Assessment Outcome - Successful,17/9/2018 10:54:46,0 days 0 hours 0 minutes 15 seconds,15.0
1019820|360156|561476,Create Offer,Create Offer,17/9/2018 10:55:01,0 days 0 hours 6 minutes 8 seconds,368.0
1019820|360156|561476,Release Offer,Release Offer,17/9/2018 11:01:09,NA,0.0
1048920|406016|629731,Assessment Outcome - Successful,Assessment Outcome - Successful,1/11/2018 14:18:18,0 days 0 hours 0 minutes 9 seconds,9.0
1048920|406016|629731,Create Offer,Create Offer,1/11/2018 14:18:27,0 days 0 hours 4 minutes 10 seconds,250.0
1048920|406016|629731,Release Offer,Release Offer,1/11/2018 14:22:37,NA,0.0
1166685|557494|853107,Assessment Outcome - Successful,Assessment Outcome - Successful,30/1/2020 9:23:02,0 days 0 hours 0 minutes 16 seconds,16.0
1166685|557494|853107,Create Offer,Create Offer,30/1/2020 9:23:18,0 days 0 hours 1 minutes 47 seconds,107.0
1166685|557494|853107,OC - Created - Other,OC - Created - Evidence of course completion,30/1/2020 9:25:05,0 days 0 hours 1 minutes 28 seconds,88.0
1166685|557494|853107,Release Offer,Release Offer,30/1/2020 9:26:33,NA,0.0
391484|440820|681505,Assessment Outcome - Successful,Assessment Outcome - Successful,23/1/2019 16:44:54,0 days 0 hours 0 minutes 14 seconds,14.0
391484|440820|681505,Create Offer,Create Offer,23/1/2019 16:45:08,0 days 0 hours 1 minutes 11 seconds,71.0
391484|440820|681505,Release Offer,Release Offer,23/1/2019 16:46:19,NA,0.0
1125321|497557|764055,Assessment Outcome - Successful,Assessment Outcome - Successful,8/1/2020 11:27:43,0 days 0 hours 0 minutes 16 seconds,16.0
1125321|497557|764055,Create Offer,Create Offer,8/1/2020 11:27:59,0 days 0 hours 2 minutes 39 seconds,159.0
1125321|497557|764055,Release Offer,Release Offer,8/1/2020 11:30:38,NA,0.0
1154919|540111|826548,Assessment Outcome - Successful,Assessment Outcome - Successful,21/11/2019 13:07:47,0 days 0 hours 0 minutes 12 seconds,12.0
1154919|540111|826548,Create Offer,Create Offer,21/11/2019 13:07:59,0 days 0 hours 0 minutes 58 seconds,58.0
1154919|540111|826548,Release Offer,Release Offer,21/11/2019 13:08:57,NA,0.0
1075271|436095|674437,Assessment Outcome - Successful,Assessment Outcome - Successful,25/3/2019 16:53:06,0 days 0 hours 0 minutes 14 seconds,14.0
1075271|436095|674437,Create Offer,Create Offer,25/3/2019 16:53:20,0 days 0 hours 3 minutes 16 seconds,196.0
1075271|436095|674437,Release Offer,Release Offer,25/3/2019 16:56:36,NA,0.0
502030|95557|149167,Assessment Outcome - Successful,Assessment Outcome - Successful,26/4/2016 16:06:32,0 days 0 hours 0 minutes 8 seconds,8.0
502030|95557|149167,Create Offer,Create Offer,26/4/2016 16:06:40,0 days 0 hours 20 minutes 44 seconds,1244.0
502030|95557|149167,Release Offer,Release Offer,26/4/2016 16:27:24,NA,0.0
1039638|385698|600699,Assessment Outcome - Successful,Assessment Outcome - Successful,19/10/2018 15:24:14,0 days 0 hours 0 minutes 10 seconds,10.0
1039638|385698|600699,Create Offer,Create Offer,19/10/2018 15:24:24,0 days 0 hours 2 minutes 35 seconds,155.0
1039638|385698|600699,Release Offer,Release Offer,19/10/2018 15:26:59,NA,0.0
743304|471313|736176,Assessment Outcome - Successful,Assessment Outcome - Successful,23/5/2019 12:45:41,0 days 0 hours 0 minutes 8 seconds,8.0
743304|471313|736176,Create Offer,Create Offer,23/5/2019 12:45:49,0 days 0 hours 0 minutes 23 seconds,23.0
743304|471313|736176,Release Offer,Release Offer,23/5/2019 12:46:12,NA,0.0
1101040|468693|719818,Assessment Outcome - Successful,Assessment Outcome - Successful,11/5/2019 17:34:11,0 days 0 hours 0 minutes 10 seconds,10.0
1101040|468693|719818,Create Offer,Create Offer,11/5/2019 17:34:21,0 days 0 hours 0 minutes 31 seconds,31.0
1101040|468693|719818,Release Offer,Release Offer,11/5/2019 17:34:52,NA,0.0
667528|467229|717747,Assessment Outcome - Successful,Assessment Outcome - Successful,17/4/2019 10:04:44,0 days 0 hours 0 minutes 13 seconds,13.0
667528|467229|717747,Create Offer,Create Offer,17/4/2019 10:04:57,13 days 5 hours 32 minutes 39 seconds,1143159.0
667528|467229|717747,AR - Satisfied - Other,AR - Satisfied - English language requirements,30/4/2019 15:37:36,0 days 0 hours 0 minutes 13 seconds,13.0
667528|467229|717747,AR - Satisfied - further information,AR - Satisfied - Further information (1),30/4/2019 15:37:49,0 days 0 hours 0 minutes 39 seconds,39.0
667528|467229|717747,AR - Satisfied - ELR,AR - Satisfied - English language proficiency,30/4/2019 15:38:28,0 days 0 hours 8 minutes 8 seconds,488.0
667528|467229|717747,Release Offer,Release Offer,30/4/2019 15:46:36,NA,0.0
1002271|337186|527523,Assessment Outcome - Successful,Assessment Outcome - Successful,23/4/2018 17:07:29,0 days 0 hours 0 minutes 14 seconds,14.0
1002271|337186|527523,Create Offer,Create Offer,23/4/2018 17:07:43,0 days 0 hours 2 minutes 56 seconds,176.0
1002271|337186|527523,Release Offer,Release Offer,23/4/2018 17:10:39,NA,0.0
1088165|451767|694294,Assessment Outcome - Successful,Assessment Outcome - Successful,5/2/2019 15:39:42,0 days 0 hours 0 minutes 15 seconds,15.0
1088165|451767|694294,Create Offer,Create Offer,5/2/2019 15:39:57,0 days 0 hours 1 minutes 55 seconds,115.0
1088165|451767|694294,Release Offer,Release Offer,5/2/2019 15:41:52,NA,0.0
1167760|559579|856156,Assessment Outcome - Successful,Assessment Outcome - Successful,7/1/2020 15:57:02,0 days 0 hours 0 minutes 15 seconds,15.0
1167760|559579|856156,Create Offer,Create Offer,7/1/2020 15:57:17,0 days 0 hours 1 minutes 55 seconds,115.0
1167760|559579|856156,Release Offer,Release Offer,7/1/2020 15:59:12,NA,0.0
1132166|507800|779193,Assessment Outcome - Successful,Assessment Outcome - Successful,10/10/2019 14:57:15,0 days 0 hours 0 minutes 16 seconds,16.0
1132166|507800|779193,Create Offer,Create Offer,10/10/2019 14:57:31,0 days 0 hours 0 minutes 45 seconds,45.0
1132166|507800|779193,Release Offer,Release Offer,10/10/2019 14:58:16,NA,0.0
1039899|384683|599114,Assessment Outcome - Successful,Assessment Outcome - Successful,31/8/2018 11:15:02,0 days 0 hours 0 minutes 13 seconds,13.0
1039899|384683|599114,Create Offer,Create Offer,31/8/2018 11:15:15,0 days 0 hours 1 minutes 37 seconds,97.0
1039899|384683|599114,Release Offer,Release Offer,31/8/2018 11:16:52,NA,0.0
1070795|429500|665369,Assessment Outcome - Successful,Assessment Outcome - Successful,21/12/2018 10:38:09,0 days 0 hours 0 minutes 12 seconds,12.0
1070795|429500|665369,Create Offer,Create Offer,21/12/2018 10:38:21,0 days 0 hours 7 minutes 38 seconds,458.0
1070795|429500|665369,Release Offer,Release Offer,21/12/2018 10:45:59,NA,0.0
954468|360490|561961,Assessment Outcome - Successful,Assessment Outcome - Successful,15/6/2018 14:22:35,0 days 0 hours 0 minutes 12 seconds,12.0
954468|360490|561961,Create Offer,Create Offer,15/6/2018 14:22:47,0 days 0 hours 1 minutes 5 seconds,65.0
954468|360490|561961,Release Offer,Release Offer,15/6/2018 14:23:52,NA,0.0
1033537|378991|590458,Assessment Outcome - Successful,Assessment Outcome - Successful,16/8/2018 12:48:25,0 days 0 hours 0 minutes 12 seconds,12.0
1033537|378991|590458,Create Offer,Create Offer,16/8/2018 12:48:37,0 days 0 hours 3 minutes 13 seconds,193.0
1033537|378991|590458,Release Offer,Release Offer,16/8/2018 12:51:50,NA,0.0
1130751|504985|774945,Assessment Outcome - Successful,Assessment Outcome - Successful,25/9/2019 10:26:03,0 days 0 hours 0 minutes 17 seconds,17.0
1130751|504985|774945,Create Offer,Create Offer,25/9/2019 10:26:20,0 days 0 hours 1 minutes 26 seconds,86.0
1130751|504985|774945,Release Offer,Release Offer,25/9/2019 10:27:46,NA,0.0
1137305|513656|787847,Assessment Outcome - Successful,Assessment Outcome - Successful,25/10/2019 9:14:04,0 days 0 hours 0 minutes 10 seconds,10.0
1137305|513656|787847,Create Offer,Create Offer,25/10/2019 9:14:14,0 days 0 hours 1 minutes 3 seconds,63.0
1137305|513656|787847,Release Offer,Release Offer,25/10/2019 9:15:17,NA,0.0
834579|497265|763633,Assessment Outcome - Successful,Assessment Outcome - Successful,14/8/2019 13:59:53,0 days 0 hours 0 minutes 10 seconds,10.0
834579|497265|763633,Create Offer,Create Offer,14/8/2019 14:00:03,0 days 0 hours 2 minutes 54 seconds,174.0
834579|497265|763633,OC - Created - Other,OC - Created - Evidence of course completion,14/8/2019 14:02:57,0 days 0 hours 0 minutes 53 seconds,53.0
834579|497265|763633,Release Offer,Release Offer,14/8/2019 14:03:50,NA,0.0
1133127|508191|779818,Assessment Outcome - Successful,Assessment Outcome - Successful,12/10/2019 15:01:41,0 days 0 hours 0 minutes 17 seconds,17.0
1133127|508191|779818,Create Offer,Create Offer,12/10/2019 15:01:58,0 days 0 hours 0 minutes 16 seconds,16.0
1133127|508191|779818,Release Offer,Release Offer,12/10/2019 15:02:14,NA,0.0
1054087|405700|629279,Assessment Outcome - Successful,Assessment Outcome - Successful,18/10/2018 11:00:16,0 days 0 hours 0 minutes 13 seconds,13.0
1054087|405700|629279,Create Offer,Create Offer,18/10/2018 11:00:29,0 days 0 hours 1 minutes 5 seconds,65.0
1054087|405700|629279,OC - Created - Other,OC - Created - English language requirements,18/10/2018 11:01:34,0 days 0 hours 0 minutes 4 seconds,4.0
1054087|405700|629279,Release Offer,Release Offer,18/10/2018 11:01:38,NA,0.0
1056911|417015|646465,Assessment Outcome - Successful,Assessment Outcome - Successful,4/12/2018 16:29:14,0 days 0 hours 0 minutes 15 seconds,15.0
1056911|417015|646465,Create Offer,Create Offer,4/12/2018 16:29:29,0 days 0 hours 1 minutes 55 seconds,115.0
1056911|417015|646465,Release Offer,Release Offer,4/12/2018 16:31:24,NA,0.0
1025305|366531|571922,Assessment Outcome - Successful,Assessment Outcome - Successful,18/7/2018 10:37:52,0 days 0 hours 0 minutes 11 seconds,11.0
1025305|366531|571922,Create Offer,Create Offer,18/7/2018 10:38:03,0 days 0 hours 1 minutes 45 seconds,105.0
1025305|366531|571922,Release Offer,Release Offer,18/7/2018 10:39:48,NA,0.0
1116512|486416|746788,Assessment Outcome - Successful,Assessment Outcome - Successful,4/6/2019 12:02:50,0 days 0 hours 0 minutes 10 seconds,10.0
1116512|486416|746788,Create Offer,Create Offer,4/6/2019 12:03:00,0 days 0 hours 0 minutes 26 seconds,26.0
1116512|486416|746788,Release Offer,Release Offer,4/6/2019 12:03:26,NA,0.0
1075305|437160|675799,Assessment Outcome - Successful,Assessment Outcome - Successful,26/3/2019 15:59:18,0 days 0 hours 0 minutes 13 seconds,13.0
1075305|437160|675799,Create Offer,Create Offer,26/3/2019 15:59:31,0 days 0 hours 1 minutes 16 seconds,76.0
1075305|437160|675799,Release Offer,Release Offer,26/3/2019 16:00:47,NA,0.0
1045292|395605|615665,Assessment Outcome - Successful,Assessment Outcome - Successful,7/12/2018 13:35:59,0 days 0 hours 0 minutes 11 seconds,11.0
1045292|395605|615665,Create Offer,Create Offer,7/12/2018 13:36:10,0 days 0 hours 2 minutes 1 seconds,121.0
1045292|395605|615665,Release Offer,Release Offer,7/12/2018 13:38:11,NA,0.0
1179697|573960|874171,Assessment Outcome - Successful,Assessment Outcome - Successful,24/1/2020 16:03:13,0 days 0 hours 0 minutes 16 seconds,16.0
1179697|573960|874171,Create Offer,Create Offer,24/1/2020 16:03:29,0 days 0 hours 1 minutes 42 seconds,102.0
1179697|573960|874171,Release Offer,Release Offer,24/1/2020 16:05:11,NA,0.0
1077299|440564|681102,Assessment Outcome - Successful,Assessment Outcome - Successful,5/2/2019 11:38:04,0 days 0 hours 0 minutes 9 seconds,9.0
1077299|440564|681102,Create Offer,Create Offer,5/2/2019 11:38:13,6 days 20 hours 34 minutes 45 seconds,592485.0
1077299|440564|681102,Release Offer,Release Offer,12/2/2019 8:12:58,NA,0.0
1094186|460098|706687,Assessment Outcome - Successful,Assessment Outcome - Successful,11/5/2019 11:21:18,0 days 0 hours 0 minutes 8 seconds,8.0
1094186|460098|706687,Create Offer,Create Offer,11/5/2019 11:21:26,0 days 0 hours 0 minutes 9 seconds,9.0
1094186|460098|706687,Release Offer,Release Offer,11/5/2019 11:21:35,NA,0.0
1064973|420801|652109,Assessment Outcome - Successful,Assessment Outcome - Successful,7/1/2019 10:57:41,0 days 0 hours 0 minutes 8 seconds,8.0
1064973|420801|652109,Create Offer,Create Offer,7/1/2019 10:57:49,44 days 3 hours 21 minutes 9 seconds,3813669.0
1064973|420801|652109,OC - Created - Other,OC - Created - English language requirements,20/2/2019 14:18:58,0 days 0 hours 23 minutes 32 seconds,1412.0
1064973|420801|652109,Release Offer,Release Offer,20/2/2019 14:42:30,NA,0.0
1158391|545558|835278,Assessment Outcome - Successful,Assessment Outcome - Successful,14/11/2019 11:40:28,0 days 0 hours 0 minutes 16 seconds,16.0
1158391|545558|835278,Create Offer,Create Offer,14/11/2019 11:40:44,NA,0.0
958145|268178|427378,Assessment Outcome - Successful,Assessment Outcome - Successful,29/8/2017 13:58:04,0 days 0 hours 0 minutes 10 seconds,10.0
958145|268178|427378,Create Offer,Create Offer,29/8/2017 13:58:14,5 days 20 hours 48 minutes 3 seconds,506883.0
958145|268178|427378,AR - Satisfied - work experience,AR - Satisfied - Curriculum Vitae,4/9/2017 10:46:17,0 days 0 hours 0 minutes 6 seconds,6.0
958145|268178|427378,OC - Satisfied - Other,OC - Satisfied - English language requirements,4/9/2017 10:46:23,3 days 5 hours 26 minutes 43 seconds,278803.0
958145|268178|427378,Assessment Decision - Qualified,Assessment Decision - Qualified,7/9/2017 16:13:06,5 days 0 hours 0 minutes 34 seconds,432034.0
958145|268178|427378,OC - Created - Other,OC - Created - Evidence of course completion,12/9/2017 16:13:40,0 days 0 hours 1 minutes 46 seconds,106.0
958145|268178|427378,Release Offer,Release Offer,12/9/2017 16:15:26,NA,0.0
1113797|483123|741281,Assessment Outcome - Successful,Assessment Outcome - Successful,28/5/2019 12:33:09,0 days 0 hours 0 minutes 9 seconds,9.0
1113797|483123|741281,Create Offer,Create Offer,28/5/2019 12:33:18,0 days 0 hours 4 minutes 48 seconds,288.0
1113797|483123|741281,Release Offer,Release Offer,28/5/2019 12:38:06,NA,0.0
1023596|363705|567084,Assessment Outcome - Successful,Assessment Outcome - Successful,4/7/2018 12:26:22,0 days 0 hours 0 minutes 17 seconds,17.0
1023596|363705|567084,Create Offer,Create Offer,4/7/2018 12:26:39,0 days 0 hours 1 minutes 51 seconds,111.0
1023596|363705|567084,Release Offer,Release Offer,4/7/2018 12:28:30,NA,0.0
1113932|483313|741599,Assessment Outcome - Successful,Assessment Outcome - Successful,24/5/2019 14:43:05,0 days 0 hours 0 minutes 8 seconds,8.0
1113932|483313|741599,Create Offer,Create Offer,24/5/2019 14:43:13,0 days 0 hours 0 minutes 49 seconds,49.0
1113932|483313|741599,OC - Created - Other,OC - Created - Evidence of course completion,24/5/2019 14:44:02,0 days 0 hours 0 minutes 11 seconds,11.0
1113932|483313|741599,Release Offer,Release Offer,24/5/2019 14:44:13,NA,0.0
1111795|503247|772407,Assessment Outcome - Successful,Assessment Outcome - Successful,12/10/2019 16:21:11,0 days 0 hours 0 minutes 15 seconds,15.0
1111795|503247|772407,Create Offer,Create Offer,12/10/2019 16:21:26,0 days 0 hours 2 minutes 4 seconds,124.0
1111795|503247|772407,Release Offer,Release Offer,12/10/2019 16:23:30,NA,0.0
1033983|377298|587978,Assessment Outcome - Successful,Assessment Outcome - Successful,6/8/2018 16:15:58,0 days 0 hours 0 minutes 10 seconds,10.0
1033983|377298|587978,Create Offer,Create Offer,6/8/2018 16:16:08,0 days 0 hours 8 minutes 10 seconds,490.0
1033983|377298|587978,Release Offer,Release Offer,6/8/2018 16:24:18,NA,0.0
972422|400054|621668,Assessment Outcome - Successful,Assessment Outcome - Successful,7/12/2018 13:49:16,0 days 0 hours 0 minutes 9 seconds,9.0
972422|400054|621668,Create Offer,Create Offer,7/12/2018 13:49:25,0 days 0 hours 0 minutes 35 seconds,35.0
972422|400054|621668,OC - Created - Other,OC - Created - Evidence of course completion,7/12/2018 13:50:00,0 days 0 hours 1 minutes 40 seconds,100.0
972422|400054|621668,Release Offer,Release Offer,7/12/2018 13:51:40,NA,0.0
1021829|361369|563371,Assessment Outcome - Successful,Assessment Outcome - Successful,15/6/2018 15:18:43,0 days 0 hours 0 minutes 10 seconds,10.0
1021829|361369|563371,Create Offer,Create Offer,15/6/2018 15:18:53,0 days 0 hours 1 minutes 4 seconds,64.0
1021829|361369|563371,OC - Created - Other,OC - Created - Evidence of course completion,15/6/2018 15:19:57,0 days 0 hours 0 minutes 5 seconds,5.0
1021829|361369|563371,Release Offer,Release Offer,15/6/2018 15:20:02,NA,0.0
1041587|386786|602292,Assessment Outcome - Successful,Assessment Outcome - Successful,12/10/2018 12:04:13,0 days 0 hours 0 minutes 14 seconds,14.0
1041587|386786|602292,Create Offer,Create Offer,12/10/2018 12:04:27,0 days 0 hours 0 minutes 24 seconds,24.0
1041587|386786|602292,Release Offer,Release Offer,12/10/2018 12:04:51,NA,0.0
1008291|344923|538678,Assessment Outcome - Successful,Assessment Outcome - Successful,16/3/2018 16:00:48,0 days 0 hours 0 minutes 4 seconds,4.0
1008291|344923|538678,Create Offer,Create Offer,16/3/2018 16:00:52,0 days 0 hours 0 minutes 41 seconds,41.0
1008291|344923|538678,Release Offer,Release Offer,16/3/2018 16:01:33,NA,0.0
1050718|398720|620149,Assessment Outcome - Successful,Assessment Outcome - Successful,2/4/2019 11:15:35,0 days 0 hours 0 minutes 18 seconds,18.0
1050718|398720|620149,Create Offer,Create Offer,2/4/2019 11:15:53,2 days 2 hours 56 minutes 59 seconds,183419.0
1050718|398720|620149,Release Offer,Release Offer,4/4/2019 14:12:52,NA,0.0
1093614|459356|705552,Assessment Outcome - Successful,Assessment Outcome - Successful,31/5/2019 11:46:17,0 days 0 hours 0 minutes 10 seconds,10.0
1093614|459356|705552,Create Offer,Create Offer,31/5/2019 11:46:27,0 days 0 hours 2 minutes 21 seconds,141.0
1093614|459356|705552,Release Offer,Release Offer,31/5/2019 11:48:48,NA,0.0
1124743|501279|769447,Assessment Outcome - Successful,Assessment Outcome - Successful,12/10/2019 13:23:51,0 days 0 hours 0 minutes 14 seconds,14.0
1124743|501279|769447,Create Offer,Create Offer,12/10/2019 13:24:05,0 days 0 hours 1 minutes 32 seconds,92.0
1124743|501279|769447,Release Offer,Release Offer,12/10/2019 13:25:37,NA,0.0
760917|549247|840467,Assessment Outcome - Successful,Assessment Outcome - Successful,30/1/2020 15:15:09,0 days 0 hours 0 minutes 0 seconds,0.0
760917|549247|840467,Assessment Decision - Qualified,Assessment Decision - Qualified,30/1/2020 15:15:09,0 days 0 hours 0 minutes 19 seconds,19.0
760917|549247|840467,Create Offer,Create Offer,30/1/2020 15:15:28,0 days 0 hours 3 minutes 43 seconds,223.0
760917|549247|840467,Release Offer,Release Offer,30/1/2020 15:19:11,NA,0.0
1164668|554728|848470,Assessment Outcome - Successful,Assessment Outcome - Successful,17/12/2019 13:57:50,0 days 0 hours 0 minutes 16 seconds,16.0
1164668|554728|848470,Create Offer,Create Offer,17/12/2019 13:58:06,0 days 0 hours 2 minutes 6 seconds,126.0
1164668|554728|848470,OC - Created - Other,OC - Created - Evidence of course completion,17/12/2019 14:00:12,0 days 0 hours 0 minutes 5 seconds,5.0
1164668|554728|848470,Release Offer,Release Offer,17/12/2019 14:00:17,NA,0.0
1086364|448364|689547,Assessment Outcome - Successful,Assessment Outcome - Successful,10/5/2019 14:14:06,0 days 0 hours 0 minutes 13 seconds,13.0
1086364|448364|689547,Create Offer,Create Offer,10/5/2019 14:14:19,0 days 0 hours 3 minutes 45 seconds,225.0
1086364|448364|689547,Release Offer,Release Offer,10/5/2019 14:18:04,NA,0.0
961605|274057|436445,Assessment Outcome - Successful,Assessment Outcome - Successful,16/11/2017 15:36:04,0 days 0 hours 0 minutes 17 seconds,17.0
961605|274057|436445,Create Offer,Create Offer,16/11/2017 15:36:21,0 days 0 hours 2 minutes 48 seconds,168.0
961605|274057|436445,OC - Created - Other,OC - Created - Evidence of course completion,16/11/2017 15:39:09,0 days 0 hours 0 minutes 7 seconds,7.0
961605|274057|436445,Release Offer,Release Offer,16/11/2017 15:39:16,NA,0.0
1094392|460391|707157,Assessment Outcome - Successful,Assessment Outcome - Successful,30/5/2019 15:30:32,0 days 0 hours 0 minutes 10 seconds,10.0
1094392|460391|707157,Create Offer,Create Offer,30/5/2019 15:30:42,0 days 0 hours 1 minutes 53 seconds,113.0
1094392|460391|707157,Release Offer,Release Offer,30/5/2019 15:32:35,NA,0.0
982801|348906|544484,Assessment Outcome - Successful,Assessment Outcome - Successful,31/5/2018 11:33:27,0 days 0 hours 0 minutes 16 seconds,16.0
982801|348906|544484,Create Offer,Create Offer,31/5/2018 11:33:43,0 days 0 hours 9 minutes 2 seconds,542.0
982801|348906|544484,Release Offer,Release Offer,31/5/2018 11:42:45,NA,0.0
855738|481191|738122,Assessment Outcome - Successful,Assessment Outcome - Successful,28/5/2019 9:19:09,0 days 0 hours 0 minutes 10 seconds,10.0
855738|481191|738122,Create Offer,Create Offer,28/5/2019 9:19:19,0 days 0 hours 1 minutes 19 seconds,79.0
855738|481191|738122,Release Offer,Release Offer,28/5/2019 9:20:38,NA,0.0
1132012|506654|777406,Assessment Outcome - Successful,Assessment Outcome - Successful,12/10/2019 11:21:18,0 days 0 hours 0 minutes 15 seconds,15.0
1132012|506654|777406,Create Offer,Create Offer,12/10/2019 11:21:33,0 days 0 hours 3 minutes 11 seconds,191.0
1132012|506654|777406,Release Offer,Release Offer,12/10/2019 11:24:44,NA,0.0
1034446|377904|588943,Assessment Outcome - Successful,Assessment Outcome - Successful,20/9/2018 9:54:19,0 days 0 hours 0 minutes 20 seconds,20.0
1034446|377904|588943,Create Offer,Create Offer,20/9/2018 9:54:39,0 days 0 hours 5 minutes 54 seconds,354.0
1034446|377904|588943,Release Offer,Release Offer,20/9/2018 10:00:33,NA,0.0
925926|416065|645076,Assessment Outcome - Successful,Assessment Outcome - Successful,23/11/2018 15:30:41,0 days 0 hours 0 minutes 14 seconds,14.0
925926|416065|645076,Create Offer,Create Offer,23/11/2018 15:30:55,0 days 0 hours 3 minutes 0 seconds,180.0
925926|416065|645076,Release Offer,Release Offer,23/11/2018 15:33:55,NA,0.0
1023660|451888|694464,Assessment Outcome - Successful,Assessment Outcome - Successful,13/2/2019 9:35:04,0 days 0 hours 0 minutes 8 seconds,8.0
1023660|451888|694464,Create Offer,Create Offer,13/2/2019 9:35:12,0 days 0 hours 1 minutes 41 seconds,101.0
1023660|451888|694464,OC - Created - Other,OC - Created - English language requirements,13/2/2019 9:36:53,0 days 0 hours 0 minutes 34 seconds,34.0
1023660|451888|694464,Release Offer,Release Offer,13/2/2019 9:37:27,NA,0.0
1112544|482220|739792,Assessment Outcome - Successful,Assessment Outcome - Successful,23/5/2019 16:46:41,0 days 0 hours 0 minutes 9 seconds,9.0
1112544|482220|739792,Create Offer,Create Offer,23/5/2019 16:46:50,0 days 0 hours 0 minutes 15 seconds,15.0
1112544|482220|739792,Release Offer,Release Offer,23/5/2019 16:47:05,NA,0.0
1032525|375569|585384,Assessment Outcome - Successful,Assessment Outcome - Successful,14/8/2018 9:46:33,0 days 0 hours 0 minutes 12 seconds,12.0
1032525|375569|585384,Create Offer,Create Offer,14/8/2018 9:46:45,0 days 0 hours 1 minutes 27 seconds,87.0
1032525|375569|585384,Release Offer,Release Offer,14/8/2018 9:48:12,NA,0.0
735247|392945|611679,Assessment Outcome - Successful,Assessment Outcome - Successful,19/11/2018 11:01:59,0 days 0 hours 0 minutes 14 seconds,14.0
735247|392945|611679,Create Offer,Create Offer,19/11/2018 11:02:13,0 days 0 hours 8 minutes 8 seconds,488.0
735247|392945|611679,Release Offer,Release Offer,19/11/2018 11:10:21,NA,0.0
1028266|369880|577147,Assessment Outcome - Successful,Assessment Outcome - Successful,15/8/2018 10:15:26,0 days 0 hours 0 minutes 15 seconds,15.0
1028266|369880|577147,Create Offer,Create Offer,15/8/2018 10:15:41,0 days 0 hours 3 minutes 21 seconds,201.0
1028266|369880|577147,Release Offer,Release Offer,15/8/2018 10:19:02,NA,0.0
945793|418162|648125,Assessment Outcome - Successful,Assessment Outcome - Successful,3/12/2018 16:19:57,0 days 0 hours 0 minutes 12 seconds,12.0
945793|418162|648125,Create Offer,Create Offer,3/12/2018 16:20:09,0 days 0 hours 3 minutes 46 seconds,226.0
945793|418162|648125,Release Offer,Release Offer,3/12/2018 16:23:55,NA,0.0
886776|417211|646765,Assessment Outcome - Successful,Assessment Outcome - Successful,9/1/2019 11:34:04,0 days 0 hours 0 minutes 11 seconds,11.0
886776|417211|646765,Create Offer,Create Offer,9/1/2019 11:34:15,0 days 0 hours 4 minutes 13 seconds,253.0
886776|417211|646765,Release Offer,Release Offer,9/1/2019 11:38:28,NA,0.0
1104905|473108|726077,Assessment Outcome - Successful,Assessment Outcome - Successful,11/6/2019 15:26:26,0 days 0 hours 0 minutes 14 seconds,14.0
1104905|473108|726077,Create Offer,Create Offer,11/6/2019 15:26:40,0 days 0 hours 2 minutes 54 seconds,174.0
1104905|473108|726077,Release Offer,Release Offer,11/6/2019 15:29:34,NA,0.0
1089818|454140|697858,Assessment Outcome - Successful,Assessment Outcome - Successful,26/2/2019 12:17:53,0 days 0 hours 0 minutes 13 seconds,13.0
1089818|454140|697858,Create Offer,Create Offer,26/2/2019 12:18:06,0 days 0 hours 2 minutes 36 seconds,156.0
1089818|454140|697858,Release Offer,Release Offer,26/2/2019 12:20:42,NA,0.0
1040150|384987|599608,Assessment Outcome - Successful,Assessment Outcome - Successful,12/10/2018 10:21:28,0 days 0 hours 0 minutes 15 seconds,15.0
1040150|384987|599608,Create Offer,Create Offer,12/10/2018 10:21:43,0 days 0 hours 5 minutes 44 seconds,344.0
1040150|384987|599608,Release Offer,Release Offer,12/10/2018 10:27:27,NA,0.0
982703|311743|493733,Assessment Outcome - Successful,Assessment Outcome - Successful,21/12/2017 16:16:11,0 days 0 hours 0 minutes 21 seconds,21.0
982703|311743|493733,Create Offer,Create Offer,21/12/2017 16:16:32,0 days 0 hours 1 minutes 11 seconds,71.0
982703|311743|493733,Release Offer,Release Offer,21/12/2017 16:17:43,NA,0.0
813767|478572|734181,Assessment Outcome - Successful,Assessment Outcome - Successful,28/5/2019 14:03:53,0 days 0 hours 0 minutes 9 seconds,9.0
813767|478572|734181,Create Offer,Create Offer,28/5/2019 14:04:02,0 days 0 hours 2 minutes 28 seconds,148.0
813767|478572|734181,Release Offer,Release Offer,28/5/2019 14:06:30,NA,0.0
1076747|476620|731205,Assessment Outcome - Successful,Assessment Outcome - Successful,28/5/2019 15:55:06,0 days 0 hours 0 minutes 14 seconds,14.0
1076747|476620|731205,Create Offer,Create Offer,28/5/2019 15:55:20,0 days 0 hours 6 minutes 30 seconds,390.0
1076747|476620|731205,Release Offer,Release Offer,28/5/2019 16:01:50,NA,0.0
1051435|400572|622536,Assessment Outcome - Successful,Assessment Outcome - Successful,23/10/2018 9:28:42,0 days 0 hours 0 minutes 10 seconds,10.0
1051435|400572|622536,Create Offer,Create Offer,23/10/2018 9:28:52,0 days 0 hours 2 minutes 9 seconds,129.0
1051435|400572|622536,Release Offer,Release Offer,23/10/2018 9:31:01,NA,0.0
1091807|456907|701632,Assessment Outcome - Successful,Assessment Outcome - Successful,21/5/2019 15:00:55,0 days 0 hours 0 minutes 16 seconds,16.0
1091807|456907|701632,Create Offer,Create Offer,21/5/2019 15:01:11,0 days 0 hours 5 minutes 55 seconds,355.0
1091807|456907|701632,Release Offer,Release Offer,21/5/2019 15:07:06,NA,0.0
1077871|514419|788956,Assessment Outcome - Successful,Assessment Outcome - Successful,2/11/2019 11:43:39,0 days 0 hours 0 minutes 15 seconds,15.0
1077871|514419|788956,Create Offer,Create Offer,2/11/2019 11:43:54,0 days 0 hours 2 minutes 32 seconds,152.0
1077871|514419|788956,Release Offer,Release Offer,2/11/2019 11:46:26,NA,0.0
1117605|488390|749984,Assessment Outcome - Successful,Assessment Outcome - Successful,14/6/2019 12:44:53,0 days 0 hours 0 minutes 9 seconds,9.0
1117605|488390|749984,Create Offer,Create Offer,14/6/2019 12:45:02,0 days 0 hours 6 minutes 7 seconds,367.0
1117605|488390|749984,Release Offer,Release Offer,14/6/2019 12:51:09,NA,0.0
1023330|363366|566519,Assessment Outcome - Successful,Assessment Outcome - Successful,25/6/2018 14:09:11,0 days 0 hours 0 minutes 14 seconds,14.0
1023330|363366|566519,Create Offer,Create Offer,25/6/2018 14:09:25,0 days 0 hours 6 minutes 51 seconds,411.0
1023330|363366|566519,Release Offer,Release Offer,25/6/2018 14:16:16,NA,0.0
646614|368974|575718,Assessment Outcome - Successful,Assessment Outcome - Successful,5/7/2018 12:04:02,0 days 0 hours 0 minutes 25 seconds,25.0
646614|368974|575718,Create Offer,Create Offer,5/7/2018 12:04:27,0 days 0 hours 4 minutes 29 seconds,269.0
646614|368974|575718,Release Offer,Release Offer,5/7/2018 12:08:56,NA,0.0
903597|379818|591703,Assessment Outcome - Successful,Assessment Outcome - Successful,16/8/2018 13:27:39,0 days 0 hours 0 minutes 12 seconds,12.0
903597|379818|591703,Create Offer,Create Offer,16/8/2018 13:27:51,0 days 0 hours 1 minutes 51 seconds,111.0
903597|379818|591703,Release Offer,Release Offer,16/8/2018 13:29:42,NA,0.0
1151280|534643|818234,Assessment Outcome - Successful,Assessment Outcome - Successful,9/1/2020 12:05:45,0 days 0 hours 0 minutes 16 seconds,16.0
1151280|534643|818234,Create Offer,Create Offer,9/1/2020 12:06:01,0 days 0 hours 0 minutes 24 seconds,24.0
1151280|534643|818234,Assessment Decision - Qualified,Assessment Decision - Qualified,9/1/2020 12:06:25,0 days 0 hours 1 minutes 2 seconds,62.0
1151280|534643|818234,Release Offer,Release Offer,9/1/2020 12:07:27,NA,0.0
1112743|481938|739342,Assessment Outcome - Successful,Assessment Outcome - Successful,6/8/2019 15:05:50,0 days 0 hours 0 minutes 14 seconds,14.0
1112743|481938|739342,Create Offer,Create Offer,6/8/2019 15:06:04,0 days 0 hours 3 minutes 12 seconds,192.0
1112743|481938|739342,Release Offer,Release Offer,6/8/2019 15:09:16,NA,0.0
1054060|410058|635915,Assessment Outcome - Successful,Assessment Outcome - Successful,6/12/2018 11:46:58,0 days 0 hours 0 minutes 12 seconds,12.0
1054060|410058|635915,Create Offer,Create Offer,6/12/2018 11:47:10,0 days 0 hours 4 minutes 35 seconds,275.0
1054060|410058|635915,Assessment Decision - Qualified,Assessment Decision - Qualified,6/12/2018 11:51:45,5 days 22 hours 1 minutes 26 seconds,511286.0
1054060|410058|635915,OC - Created - Other,OC - Created - English language requirements,12/12/2018 9:53:11,6 days 2 hours 29 minutes 24 seconds,527364.0
1054060|410058|635915,Release Offer,Release Offer,18/12/2018 12:22:35,NA,0.0
939534|414919|643183,Assessment Outcome - Successful,Assessment Outcome - Successful,10/12/2018 10:03:32,0 days 0 hours 0 minutes 12 seconds,12.0
939534|414919|643183,Create Offer,Create Offer,10/12/2018 10:03:44,0 days 0 hours 3 minutes 37 seconds,217.0
939534|414919|643183,Release Offer,Release Offer,10/12/2018 10:07:21,NA,0.0
1030385|372914|581495,Assessment Outcome - Successful,Assessment Outcome - Successful,10/8/2018 12:30:00,0 days 0 hours 0 minutes 17 seconds,17.0
1030385|372914|581495,Create Offer,Create Offer,10/8/2018 12:30:17,0 days 0 hours 0 minutes 52 seconds,52.0
1030385|372914|581495,Release Assessment Hold,Release Assessment Hold,10/8/2018 12:31:09,0 days 0 hours 2 minutes 56 seconds,176.0
1030385|372914|581495,Release Offer,Release Offer,10/8/2018 12:34:05,NA,0.0
1150349|533218|815876,Assessment Outcome - Successful,Assessment Outcome - Successful,2/11/2019 17:13:48,0 days 0 hours 0 minutes 10 seconds,10.0
1150349|533218|815876,Create Offer,Create Offer,2/11/2019 17:13:58,0 days 0 hours 1 minutes 58 seconds,118.0
1150349|533218|815876,Release Offer,Release Offer,2/11/2019 17:15:56,NA,0.0
1161800|550469|858702,Assessment Outcome - Successful,Assessment Outcome - Successful,19/12/2019 17:17:45,0 days 0 hours 0 minutes 19 seconds,19.0
1161800|550469|858702,Create Offer,Create Offer,19/12/2019 17:18:04,0 days 0 hours 3 minutes 18 seconds,198.0
1161800|550469|858702,Release Offer,Release Offer,19/12/2019 17:21:22,NA,0.0
